Period,Item,Revenue Class,Department,Default Price,Qty,Total Cost,% of Total,Discounts,Avg. Sale Price,Gross Sales,Net Sales,Net Sales w/o Mods,% of Total
2025 Full Year,8 oz Chicken Salad,Food,Soup & Sandwiches,15,9,0,0,22.5,12.5,135,112.5,,0.09
2025 Full Year,Achillée Alsace,Wine,PM Wine,30,4,0,0,0,30,120,120,,0.09
2025 Full Year,Add Syrup,Beverage,Coffee,1,54,0,0,0,1,54,54,,0.04
2025 Full Year,Add Syrup,Coffee,Coffee,1,1682,0,0,27.94,0.98,1682,1654.06,,1.26
2025 Full Year,Advent Calendar - Maeve,Retail,Christmas,48,6,0,0,38.4,41.6,288,249.6,,0.19
2025 Full Year,A-Frame Bobon box - Maeve,Retail,Christmas,25,4,0,0,0,25,100,100,,0.08
2025 Full Year,All Roads Cotton Napkins (x2),Retail,Retail Merch,36,7,0,0,0,37.43,262,262,,0.2
2025 Full Year,All Roads Table Cloth,Retail,Retail Merch,170,2,0,0,0,170,340,340,,0.26
2025 Full Year,Alpine Red California Red Wine,Wine,PM Wine,24,1,0,0,0,24,24,24,,0.02
2025 Full Year,Americano,Beverage,Coffee,4,10,0,0,0,4,40,40,,0.03
2025 Full Year,Americano,Coffee,Coffee,4,283,0,0,3.6,3.99,1132,1128.4,,0.86
2025 Full Year,Animal Crackers,Retail,Christmas,16,17,0,0,0,16,272,272,,0.21
2025 Full Year,Animal Menagerie Stationary,Retail,Christmas,30,2,0,0,0,30,60,60,,0.05
2025 Full Year,Aqua Panna,Beverage,NA Beverage,6,8,0,0,0,6,48,48,,0.04
2025 Full Year,A&W Rootbeer,Beverage,NA Beverage,3,7,0,0,0,3,21,21,,0.02
2025 Full Year,Ayoh Dill Pickle Mayo Sando Sauce,Retail,Retail Food,12,27,0,0,6,11.78,324,318,,0.24
2025 Full Year,Ayoh Hot Giardinayo Sando Sauce,Retail,Retail Food,12,14,0,0,0,12,168,168,,0.13
2025 Full Year,Ayoh Tangy Dijonayo Sando Sauce,Retail,Retail Food,12,16,0,0,7.2,11.55,192,184.8,,0.14
2025 Full Year,Bah Humbug,Retail,Christmas,22,5,0,0,0,22,110,110,,0.08
2025 Full Year,Baked Ziti W/ Meatballs,Food,Frozen,36,90,0,0,0,36.33,3270,3270,,2.5
2025 Full Year,Banana Bundt Cake,Food,Bakery,6,1,0,0,0,6,6,6,,0
2025 Full Year,Bang Matches,Retail,Christmas,21,10,0,0,21,18.9,210,189,,0.14
2025 Full Year,Barolo di Verduno - Chateau Bellegrave,Wine,Cave De PM,104,2,0,0,0,104,208,208,,0.16
2025 Full Year,Beast,Food,Body by Brad,10,8,0,0,0,10,80,80,,0.06
2025 Full Year,Beatrix Bakes Another Slice,Retail,Retail Merch,35,1,0,0,0,35,35,35,,0.03
2025 Full Year,Beef Broth,Retail,Frozen,20,2,0,0,0,22,44,44,,0.03
2025 Full Year,Beef Stroganoff,Food,Frozen,38,18,0,0,0,38,684,684,,0.52
2025 Full Year,Belly Warmer - Methodical,Retail,Retail Food,18,1,0,0,0,18,18,18,,0.01
2025 Full Year,Benton's Bacon,Food,Frozen,30,25,0,0,0,30,750,750,,0.57
2025 Full Year,Benton's Ham,Food,Frozen,18,3,0,0,0,18,54,54,,0.04
2025 Full Year,Benton's Summer Stack,Food,Soup & Sandwiches,13,29,0,0,0,13,377,377,,0.29
2025 Full Year,Birthday Cake Card,Retail,Retail Merch,4,10,0,0,0.4,3.96,40,39.6,,0.03
2025 Full Year,Birthday Truffle Bar Maeve,Retail,Retail Food,7.5,33,0,0,0.7,6.98,231,230.3,,0.18
2025 Full Year,Birthday w/ statue,Retail,Retail Merch,6,1,0,0,0,6,6,6,,0
2025 Full Year,Biscuits,Food,Frozen,16,4,0,0,0,16,64,64,,0.05
2025 Full Year,Bisous - Isatopia Card,Retail,Retail Merch,7,5,0,0,0,7,35,35,,0.03
2025 Full Year,Bizzaro Spritz Can,Beer,Merci Beer,12,2,0,0,0,12,24,24,,0.02
2025 Full Year,Bizzarro Strawberry Yuzu Spritz,Wine,PM Beer,16,6,0,0,0,16,96,96,,0.07
2025 Full Year,Bjorn Qorn CLASSIC,Retail,Retail Food,8,17,0,0,0,8,136,136,,0.1
2025 Full Year,Bjorn Qorn TRUFFLE,Retail,Retail Food,8,11,0,0,4,7.64,88,84,,0.06
2025 Full Year,Bloody Mary Crackers,Retail,Christmas,16,16,0,0,20,14.75,256,236,,0.18
2025 Full Year,Blueberry Maine Root Soda,Beverage,NA Beverage,3,1,0,0,0,3,3,3,,0
2025 Full Year,Blue Boy - Methodical,Retail,Retail Food,20,1,0,0,0,20,20,20,,0.02
2025 Full Year,"Blue Cotton Cocktail Napkins 50 ct, My Drap",Retail,Retail Merch,26,1,0,0,0,26,26,26,,0.02
2025 Full Year,Boal de Arousa Albariño,Wine,PM Wine,28,6,0,0,2.8,27.53,168,165.2,,0.13
2025 Full Year,Bon bon Sour BLACKBERRY Fish Candy,Retail,Retail Food,8,48,0,0,4.8,7.9,384,379.2,,0.29
2025 Full Year,Bon Bon Sour PEACH Swedish Fish,Retail,Retail Food,8,55,0,0,9.6,7.83,440,430.4,,0.33
2025 Full Year,Bon bon SOUR Wild STRAWBERRY Fish Candy,Retail,Retail Food,8,33,0,0,0.8,7.98,264,263.2,,0.2
2025 Full Year,Bon Bon SWEET Wild STRAWBERRY Swedish Fish,Retail,Retail Food,8,69,0,0,9.2,7.87,552,542.8,,0.41
2025 Full Year,Bravo - Isatopia Card,Retail,Retail Merch,7,5,0,0,4.2,6.16,35,30.8,,0.02
2025 Full Year,Breakfast Sandwich,Food,Soup & Sandwiches,10,228,0,0,15,9.93,2280,2265,,1.73
2025 Full Year,Brownie,Retail,Bakery,6,13,0,0,0,6,78,78,,0.06
2025 Full Year,Buffalo Chicken Dip,Food,Dips,16,3,0,0,0,15,45,45,,0.03
2025 Full Year,Butter - Maison Bordier Le Beurre Bordier,Retail,Retail Food,35,1,0,0,0,35,35,35,,0.03
2025 Full Year,Butternut Squash Soup LARGE,Food,Soup & Sandwiches,22,21,0,0,13.2,21.37,462,448.8,,0.34
2025 Full Year,Butternut Squash Soup SMALL,Food,Soup & Sandwiches,12,29,0,0,1.2,11.96,348,346.8,,0.26
2025 Full Year,Calcite Pouilly Fume,Wine,PM Wine,36,2,0,0,0,36,72,72,,0.05
2025 Full Year,Calx Primitivo,Retail,Retail Food,18,1,0,0,0,18,18,18,,0.01
2025 Full Year,Cantina Marilina Sikele,Wine,PM Wine,30,5,0,0,15,27,150,135,,0.1
2025 Full Year,Cappuccino,Beverage,Coffee,5.5,9,0,0,0,5.5,49.5,49.5,,0.04
2025 Full Year,Cappuccino,Coffee,Coffee,5.5,308,0,0,8.25,5.47,1694,1685.75,,1.29
2025 Full Year,Casserole,Food,Frozen,32,2,0,0,0,32,64,64,,0.05
2025 Full Year,Catch & Release Middle Child Orange Riesling,Wine,PM Wine,34,3,0,0,0,34,102,102,,0.08
2025 Full Year,Cedre Heritage Malbec Cahors,Wine,PM Wine,30,2,0,0,0,30,60,60,,0.05
2025 Full Year,Chai Latte,Beverage,Coffee,6,8,0,0,0,6,48,48,,0.04
2025 Full Year,Chai Latte,Coffee,Coffee,6,145,0,0,23.4,5.84,870,846.6,,0.65
2025 Full Year,Cheerwine Soda,Beverage,NA Beverage,3,19,0,0,0,3,57,57,,0.04
2025 Full Year,Cherries Jubilee Boulevard Brewing,Beer,Christmas,16,1,0,0,0,16,16,16,,0.01
2025 Full Year,Chicken,Food,Entrees,40,1,0,0,0,34,34,34,,0.03
2025 Full Year,Chicken and Broccoli,Food,Frozen,36,24,0,0,18,35.25,864,846,,0.65
2025 Full Year,Chicken Picata,Food,Frozen,32,21,0,0,0,32,672,672,,0.51
2025 Full Year,Chicken Soup,Food,Frozen,22,7,0,0,0,22,154,154,,0.12
2025 Full Year,Chicken w Ratatouille,Food,Frozen,36,25,0,0,0,36,900,900,,0.69
2025 Full Year,Chilled Green Corn Soup,Food,Frozen,22,5,0,0,0,22,110,110,,0.08
2025 Full Year,Chocolate Chip Cookie,Food,Bakery,4,791,0,0,34,3.96,3164,3130,,2.39
2025 Full Year,Chocolate Mousse Trifles,Food,Bakery,6,22,0,0,0.6,5.97,132,131.4,,0.1
2025 Full Year,Chocolate Sardine,Retail,Retail Merch,18,1,0,0,0,18,18,18,,0.01
2025 Full Year,Chocolate Sardines,Retail,Retail Food,18,5,0,0,0,20.8,104,104,,0.08
2025 Full Year,Christmas Ale,Beer,PM Beer,16,1,0,0,0,16,16,16,,0.01
2025 Full Year,Christmas Shop Matches,Retail,Christmas,17,1,0,0,0,17,17,17,,0.01
2025 Full Year,Chucktown Acres - Bacon,Retail,Frozen,30,3,0,0,0,30,90,90,,0.07
2025 Full Year,Chucktown Acres - Bone-in Pork Chops,Retail,Frozen,30,1,0,0,0,28,28,28,,0.02
2025 Full Year,Chucktown Acres - Burger Patties,Retail,Retail Food,34,3,0,0,0,35,105,105,,0.08
2025 Full Year,Chucktown Acres - Chicken Breast,Retail,Frozen,30,2,0,0,0,30,60,60,,0.05
2025 Full Year,Chucktown Acres - Ground Beef,Retail,Frozen,20,2,0,0,0,20,40,40,,0.03
2025 Full Year,Chucktown Acres - NY Strip Steak,Food,Frozen,38,2,0,0,0,38,76,76,,0.06
2025 Full Year,Cider,Beverage,Retail Food,8,8,0,0,12,6.5,64,52,,0.04
2025 Full Year,Cinnamon Hot cocoa Tin,Retail,Christmas,15,4,0,0,0,15,60,60,,0.05
2025 Full Year,Cinnamon Rolls,Food,Frozen,25,56,0,0,2.5,24.96,1400,1397.5,,1.07
2025 Full Year,CLOCK COCKTAIL TIME - cocktail napkins - gleason,Retail,Retail Merch,48,12,0,0,0,48,576,576,,0.44
2025 Full Year,Cluizel Chocolate Sardines,Food,Retail Food,18,1,0,0,0,18,18,18,,0.01
2025 Full Year,Cobb Chardonnay Sonoma,Wine,Cave De PM,66,1,0,0,0,66,66,66,,0.05
2025 Full Year,Coffee Cake,Food,Bakery,6,4,0,0,1.2,5.7,24,22.8,,0.02
2025 Full Year,Cold Brew,Coffee,Coffee,6.5,172,0,0,8.45,6.45,1118,1109.55,,0.85
2025 Full Year,Collazzi Chianti Classico 2024,Wine,PM Wine,34,3,0,0,0,32,96,96,,0.07
2025 Full Year,Colu Cooks Easy Fancy Food Colu Henry,Retail,Retail Merch,35,4,0,0,26.25,28.44,140,113.75,,0.09
2025 Full Year,Comptoir Caramelized Almonds,Retail,Retail Food,11,4,0,0,0,11,44,44,,0.03
2025 Full Year,Comptoir Du Cacao,Retail,Retail Food,12,8,0,0,0,12,96,96,,0.07
2025 Full Year,Comptoir Du Cacao Fluer De Sel,Retail,Retail Food,11,1,0,0,0,11,11,11,,0.01
2025 Full Year,Cookie Asst.,Food,Bakery,4,340,0,0,11.2,3.97,1360,1348.8,,1.03
2025 Full Year,Cookies & Crumbs,Retail,Retail Merch,23.99,1,0,0,18,5.99,23.99,5.99,,0
2025 Full Year,Corn Chowder,Food,Frozen,22,11,0,0,0,22,242,242,,0.18
2025 Full Year,Cortado,Beverage,Coffee,4.5,6,0,0,0,4.5,27,27,,0.02
2025 Full Year,Cortado,Coffee,Coffee,4.5,184,0,0,2.25,4.49,828,825.75,,0.63
2025 Full Year,Cowboy Christmas - Ranger Station,Retail,Christmas,40,15,0,0,20,38.67,600,580,,0.44
2025 Full Year,Creamy Pony Peanut Butter,Retail,Retail Food,8,8,0,0,0,8,64,64,,0.05
2025 Full Year,Croissant - Isatopia Card,Retail,Retail Merch,7,5,0,0,0,7,35,35,,0.03
2025 Full Year,Cru monplaisir,Wine,PM Wine,38,6,0,0,3.8,37.37,228,224.2,,0.17
2025 Full Year,Crunchy Pony Peanut Butter,Retail,Retail Food,8,9,0,0,8,7.11,72,64,,0.05
2025 Full Year,Cup Guzzini Striped Glass,Retail,Retail Merch,11,2,0,0,1.1,10.45,22,20.9,,0.02
2025 Full Year,Daschuel Hound Oranment,Retail,Christmas,16,1,0,0,0,16,16,16,,0.01
2025 Full Year,Date Better - ALMOND JAVA CRUNCH,Retail,Retail Food,8,15,0,0,2,7.87,120,118,,0.09
2025 Full Year,Date Better - HAZELNUT PRALINE,Retail,Retail Food,8,15,0,0,0.8,7.95,120,119.2,,0.09
2025 Full Year,Date Better - PEANUT BUTTER CRUNCH,Retail,Retail Food,8,32,0,0,0.8,7.98,256,255.2,,0.19
2025 Full Year,Date Better - SNICKERDOODLE,Retail,Retail Food,8,23,0,0,0.8,7.97,184,183.2,,0.14
2025 Full Year,Delinquente Screaming Betty Vermentino,Wine,PM Wine,32,4,0,0,3.2,31.2,128,124.8,,0.1
2025 Full Year,dialed in,Coffee,Body by Brad,6,18,0,0,0,6,108,108,,0.08
2025 Full Year,Dilenquente-Weeping Juan,Wine,PM Wine,30,2,0,0,3,28.5,60,57,,0.04
2025 Full Year,Dog Treats,Food,Bakery,5,62,0,0,0.5,4.99,310,309.5,,0.24
2025 Full Year,Domaine Charnay Beaujolais Gamay,Wine,PM Wine,28,2,0,0,0,28,56,56,,0.04
2025 Full Year,Domaine de Fontsainte,Wine,PM Wine,30,3,0,0,0,30,90,90,,0.07
2025 Full Year,Dozen Eggs,Food,Retail Food,12,14,0,0,0,12,168,168,,0.13
2025 Full Year,Drink Ticket - House of Gleason,Retail,Retail Merch,48,4,0,0,0,48,192,192,,0.15
2025 Full Year,Dual Pricing,Non-Sales Revenue,Surcharges,0.04,4705,0,0,0,1.14,5365.08,5365.08,,4.1
2025 Full Year,Eat Copenhagen,Retail,Retail Merch,24.99,1,0,0,0,24.99,24.99,24.99,,0.02
2025 Full Year,EDISTO - BLUEBERRY HONEY,Retail,Retail Food,18,9,0,0,0,18,162,162,,0.12
2025 Full Year,EDISTO - HONEY,Retail,Retail Food,18,18,0,0,10.8,17.4,324,313.2,,0.24
2025 Full Year,EDISTO - HOT HONEY,Retail,Retail Food,18,10,0,0,0,18,180,180,,0.14
2025 Full Year,Eifel Tower Ornament,Retail,Christmas,20,5,0,0,10,18,100,90,,0.07
2025 Full Year,Enchiladas,Food,Frozen,36,2,0,0,0,36,72,72,,0.05
2025 Full Year,Espresso,Beverage,Coffee,3,2,0,0,0,3,6,6,,0
2025 Full Year,Espresso,Coffee,Coffee,3,100,0,0,3.6,2.96,300,296.4,,0.23
2025 Full Year,Extra Large Pommery Mustard,Retail,Retail Food,29,3,0,0,31.9,18.37,87,55.1,,0.04
2025 Full Year,Fall Harvest Salad,Food,Soup & Sandwiches,22,3,0,0,0,22,66,66,,0.05
2025 Full Year,Fallot & Cie Moutarde de Dijon,Retail,Retail Food,22,1,0,0,0,22,22,22,,0.02
2025 Full Year,Famille Gras Les Vieilles Vignes,Wine,PM Wine,30,1,0,0,0,30,30,30,,0.02
2025 Full Year,Flat Apple Juice,Retail,NA Beverage,8,9,0,0,0,8,72,72,,0.05
2025 Full Year,Focaccia,Food,Entrees,18,14,0,0,0,18,252,252,,0.19
2025 Full Year,Focaccia - Petit,Food,Bread,15,207,0,0,33,14.84,3105,3072,,2.35
2025 Full Year,Food Orament,Retail,Christmas,18,15,0,0,21.6,16.56,270,248.4,,0.19
2025 Full Year,Forx Farm Butter,Food,Retail Food,22,6,0,0,0,22,132,132,,0.1
2025 Full Year,Francis Blanchet Pouilly Fume,Wine,PM Wine,32,2,0,0,0,32,64,64,,0.05
2025 Full Year,Francois Villard L'Appel des Sereines,Retail,PM Wine,28,3,0,0,0,28,84,84,,0.06
2025 Full Year,Frankie's Classic New York Deli Pickles,Retail,Retail Food,13,8,0,0,0,13,104,104,,0.08
2025 Full Year,Frankie's SWEET FIRE PICKLES,Retail,Retail Food,13,13,0,0,1.95,12.85,169,167.05,,0.13
2025 Full Year,Fratelli Alessandria Barbera D'Alba,Wine,PM Wine,32,6,0,0,0,32,192,192,,0.15
2025 Full Year,Fratelli Alessandria Barolo,Wine,Cave De PM,92,3,0,0,18.4,85.87,276,257.6,,0.2
2025 Full Year,French Butter Biscuits - IN TIN,Retail,Retail Food,18,9,0,0,0,18,162,162,,0.12
2025 Full Year,French Kitchen Lessons,Retail,Retail Merch,40,2,0,0,0,40,80,80,,0.06
2025 Full Year,French Onion Dip,Food,Dips,12,2,0,0,0,12,24,24,,0.02
2025 Full Year,Frosty,Coffee,Coffee,8,63,0,0,0.8,7.99,504,503.2,,0.38
2025 Full Year,Fuso Jonas Seckinger Glas Riesling Trocken New,Wine,PM Wine,18,1,0,0,0,18,18,18,,0.01
2025 Full Year,F&WC Dine Around,Non-taxable,Buyouts,250,4,0,0,0,250,1000,1000,,0.76
2025 Full Year,Gail Wines Doris Cabernet Sauvignon,Wine,PM Wine,30,10,0,0,3,29.7,300,297,,0.23
2025 Full Year,GIDDY UP NUTS - Original,Retail,Retail Food,19,18,0,0,0,19,342,342,,0.26
2025 Full Year,GIDDY UP NUTS - Rosemary Garlic,Retail,Retail Food,19,7,0,0,0,19,133,133,,0.1
2025 Full Year,Gingerbread Man,Coffee,Coffee,8,61,0,0,3.2,7.95,488,484.8,,0.37
2025 Full Year,Gingerbread - Piece work,Retail,Christmas,44,1,0,0,0,44,44,44,,0.03
2025 Full Year,Girard Aligote,Wine,PM Wine,28,1,0,0,0,28,28,28,,0.02
2025 Full Year,Golden Milk Lattee,Beverage,Unassigned,7,5,0,0,0,7,35,35,,0.03
2025 Full Year,Golden Milk Lattee,Coffee,Unassigned,7,47,0,0,0.7,6.99,329,328.3,,0.25
2025 Full Year,Golf Cocktail Napkins - House of Gleason,Retail,Retail Merch,48,7,0,0,24,44.57,336,312,,0.24
2025 Full Year,Got Grapes -,Wine,PM Wine,30,6,0,0,30,25,180,150,,0.11
2025 Full Year,Grain & Gain,Food,Body by Brad,4,6,0,0,0,4,24,24,,0.02
2025 Full Year,Granola Strawberry and Salty Peanut Sweet Deliverance,Retail,Retail Food,18,2,0,0,0,16,32,32,,0.02
2025 Full Year,Green Machine,Food,Body by Brad,10,3,0,0,0,10,30,30,,0.02
2025 Full Year,Gris de Gris,Wine,PM Wine,38,2,0,0,0,38,76,76,,0.06
2025 Full Year,Gut Check,Food,Body by Brad,7,6,0,0,0,7,42,42,,0.03
2025 Full Year,Guzzini Cereal/Soup Bowl - BLUE,Retail,Retail Merch,17,6,0,0,0,17,102,102,,0.08
2025 Full Year,Guzzini Cereal/Soup Bowl Set - GREEN,Retail,Retail Merch,17,3,0,0,0,17,51,51,,0.04
2025 Full Year,Ham & Brie,Food,Soup & Sandwiches,13,340,0,0,46.15,12.86,4420,4373.85,,3.34
2025 Full Year,Happy Birthday BIRD - Isatopia Card,Retail,Retail Merch,7,6,0,0,0.7,6.88,42,41.3,,0.03
2025 Full Year,Happy Birthday CAKE - Isatopia Card,Retail,Retail Merch,7,5,0,0,3.5,6.3,35,31.5,,0.02
2025 Full Year,Happy Birthday with a shoe,Retail,Retail Merch,6,1,0,0,0,6,6,6,,0
2025 Full Year,Happy Hour Snacks,Retail,Retail Merch,24.99,2,0,0,12.5,18.74,49.98,37.48,,0.03
2025 Full Year,Haute Terres Autres Rouge,Wine,PM Wine,30,2,0,0,0,30,60,60,,0.05
2025 Full Year,HBD Card,Retail,Retail Merch,6,4,0,0,0,6,24,24,,0.02
2025 Full Year,Heart Ornament,Retail,Christmas,28,2,0,0,11.2,22.4,56,44.8,,0.03
2025 Full Year,Herd de Provance,Retail,Retail Food,25,1,0,0,0,25,25,25,,0.02
2025 Full Year,Hester & Cook Coloring Haunted House Placemats,Retail,Fall,24,2,0,0,0,30,60,60,,0.05
2025 Full Year,Hi Card,Retail,Retail Merch,6,2,0,0,0,6,12,12,,0.01
2025 Full Year,Holiday Light - House of Gleason,Retail,Christmas,48,2,0,0,14.4,40.8,96,81.6,,0.06
2025 Full Year,Holly Berry Surprise Ball,Retail,Christmas,12,9,0,0,1.2,11.87,108,106.8,,0.08
2025 Full Year,Honeycomb - MIGUEL & VALENTINO,Retail,Retail Food,14,2,0,0,0,14,28,28,,0.02
2025 Full Year,Honey Glow,Food,Body by Brad,7,1,0,0,0,7,7,7,,0.01
2025 Full Year,Honey Wheat Loaf,Food,Bread,14,7,0,0,0,14,98,98,,0.07
2025 Full Year,Hot Girl Pickles Original Dill,Retail,Retail Food,14,1,0,0,0,14,14,14,,0.01
2025 Full Year,House Matches,Retail,Christmas,24,5,0,0,0,24,120,120,,0.09
2025 Full Year,House Small - Greentree,Retail,Retail Merch,46,1,0,0,0,46,46,46,,0.04
2025 Full Year,Ina Gardner Ornament,Retail,Christmas,24,1,0,0,0,24,24,24,,0.02
2025 Full Year,Its Complicated being a Wizard - BBCO,Beer,PM Beer,18,3,0,0,0,18,54,54,,0.04
2025 Full Year,Jeff Rink,Wine,Cave De PM,1404,1,0,0,0,1404,1404,1404,,1.07
2025 Full Year,JK Carriere Pinot Noir,Wine,PM Wine,40,1,0,0,0,40,40,40,,0.03
2025 Full Year,Jolie-Laide Glou D'etat Red Blend,Wine,PM Wine,34,7,0,0,0,28,196,196,,0.15
2025 Full Year,Jose Gourmet Red Peppers Jam,Retail,Retail Food,16,1,0,0,0,16,16,16,,0.01
2025 Full Year,Jumbo Merry Christmas,Retail,Christmas,68,1,0,0,0,68,68,68,,0.05
2025 Full Year,Lady Joseph Crackers,Retail,Retail Food,11,8,0,0,3.3,10.59,88,84.7,,0.06
2025 Full Year,La Galoche,Wine,PM Wine,30,1,0,0,0,30,30,30,,0.02
2025 Full Year,L'Alpage Chasselas,Wine,PM Wine,30,5,0,0,0,30,150,150,,0.11
2025 Full Year,Large Guzzini Bowl,Retail,Retail Merch,48,1,0,0,0,48,48,48,,0.04
2025 Full Year,Latte,Beverage,Coffee,6,74,0,0,0,6,444,444,,0.34
2025 Full Year,Latte,Coffee,Coffee,6,2057,0,0,247.74,5.88,12342,12094.26,,9.24
2025 Full Year,Le Bon Garcon - Cider + Spice,Retail,Fall,23,7,0,0,0,23,161,161,,0.12
2025 Full Year,Le Bon Garcon - Classic Sea Salt Caramels,Retail,Retail Food,28,1,0,0,0,28,28,28,,0.02
2025 Full Year,Le Bon Garcon - Dirty Chai,Retail,Fall,28,3,0,0,0,28,84,84,,0.06
2025 Full Year,Le Bon Garcon - Honey Lavender Caramels,Retail,Retail Food,28,3,0,0,0,28,84,84,,0.06
2025 Full Year,Le Bon Garcon - P.O.G. Caramels,Retail,Retail Food,28,12,0,0,67.2,22.4,336,268.8,,0.21
2025 Full Year,Le Bon Garcon - Strawberry Sakura Caramels,Retail,Retail Food,28,3,0,0,0,28,84,84,,0.06
2025 Full Year,Le Fluffernut,Coffee,Unassigned,8,143,0,0,26.4,7.82,1144,1117.6,,0.85
2025 Full Year,Lemonade,Beverage,Unassigned,5,3,0,0,0,5,15,15,,0.01
2025 Full Year,Lemonade,Coffee,Unassigned,5,28,0,0,6.5,4.77,140,133.5,,0.1
2025 Full Year,Lemon Scones,Food,Bakery,6,40,0,0,3,5.93,240,237,,0.18
2025 Full Year,Les Athletes du Vin Chardonnay,Wine,PM Wine,26,2,0,0,0,26,52,52,,0.04
2025 Full Year,Les Athletes Du Vin Pinot Noir,Wine,PM Wine,26,1,0,0,0,26,26,26,,0.02
2025 Full Year,Lg Flat Water - Saratoga,Beverage,NA Beverage,8,7,0,0,0,5.14,36,36,,0.03
2025 Full Year,Lg Saratoga Water,Beverage,NA Beverage,8,5,0,0,0,8,40,40,,0.03
2025 Full Year,Long Matchbox,Retail,Retail Merch,23,2,0,0,10.5,15.75,42,31.5,,0.02
2025 Full Year,Lorenza Rosé,Wine,PM Wine,30,3,0,0,0,30,90,90,,0.07
2025 Full Year,Louis Metaireau,Wine,PM Wine,26,2,0,0,0,26,52,52,,0.04
2025 Full Year,Luna Duna Naranjo,Wine,PM Wine,28,6,0,0,0,28,168,168,,0.13
2025 Full Year,Maeve Bon Bon Box,Retail,Valentine,24,15,0,0,43.2,21.12,360,316.8,,0.24
2025 Full Year,maeve - pumpkin spice,Retail,Fall,7,11,0,0,2.8,6.75,77,74.2,,0.06
2025 Full Year,Maeve Spring Mix,Retail,Retail Food,26,7,0,0,5,24.29,175,170,,0.13
2025 Full Year,Maine Beer Company Peeper 16oz bottle,Beer,PM Beer,12,5,0,0,0,12,60,60,,0.05
2025 Full Year,maine beer - woods and waters,Beer,PM Beer,12,9,0,0,0,12,108,108,,0.08
2025 Full Year,Maine Brewing Co IPA,Wine,Merci Beer,14,2,0,0,7.2,8.4,24,16.8,,0.01
2025 Full Year,MALDON - Chili Salt,Food,Retail Food,12,7,0,0,0,12,84,84,,0.06
2025 Full Year,MALDON - Pink Salt,Food,Retail Food,11,5,0,0,0,11,55,55,,0.04
2025 Full Year,Maldon Salt Regular,Retail,Retail Food,12,12,0,0,0,12,144,144,,0.11
2025 Full Year,MALDON - Smoked Sea Salt,Retail,Retail Food,10,5,0,0,0,10,50,50,,0.04
2025 Full Year,Martha Stewert Ornament,Retail,Christmas,24,1,0,0,0,24,24,24,,0.02
2025 Full Year,MASA - Tortilla Chips BLUE,Retail,Retail Food,16,7,0,0,0,16,112,112,,0.09
2025 Full Year,MASA - Tortilla Chips CHURRO,Retail,Retail Food,16,7,0,0,3.04,15.57,112,108.96,,0.08
2025 Full Year,MASA Tortilla Chips COBANERO,Retail,Retail Food,16,31,0,0,8,15.74,496,488,,0.37
2025 Full Year,MASA - Tortilla Chips LIME,Retail,Retail Food,16,17,0,0,0,16,272,272,,0.21
2025 Full Year,MASA Tortilla Chips Traditional,Retail,Retail Food,16,27,0,0,0,16,432,432,,0.33
2025 Full Year,Masa Tortilla Chips White,Retail,Retail Food,16,3,0,0,8,13.33,48,40,,0.03
2025 Full Year,Masison Marc Cornichons,Retail,Retail Food,18,4,0,0,0,18,72,72,,0.05
2025 Full Year,Matcha -Berry,Coffee,Body by Brad,8,15,0,0,0,8,120,120,,0.09
2025 Full Year,Matcha Latte,Beverage,Coffee,8,37,0,0,0,6,222,222,,0.17
2025 Full Year,Matcha Latte,Coffee,Coffee,8,561,0,0,90.4,7.64,4376,4285.6,,3.27
2025 Full Year,Matchbox Ornament,Retail,Christmas,16,11,0,0,19.2,14.25,176,156.8,,0.12
2025 Full Year,Meatloaf 2,Food,Frozen,28,18,0,0,0,28,504,504,,0.38
2025 Full Year,Meatloaf with Brussels,Food,Frozen,36,19,0,0,18,35.05,684,666,,0.51
2025 Full Year,Mercado Famous Jamon Serrania,Retail,Retail Food,22,6,0,0,0,22,132,132,,0.1
2025 Full Year,Merci - Isatopia Card,Retail,Retail Merch,7,3,0,0,0,7,21,21,,0.02
2025 Full Year,Merci La Vie Cabernet Franc,Wine,PM Wine,38,2,0,0,0,38,76,76,,0.06
2025 Full Year,Merci t-shirt,Retail,PM Merchandise,38,4,0,0,72,30,192,120,,0.09
2025 Full Year,Merry Christmas Card,Retail,Christmas,4,5,0,0,0,4.2,21,21,,0.02
2025 Full Year,MIELI THUN HONEYSUCKLE HONEY,Retail,Retail Food,24,1,0,0,0,24,24,24,,0.02
2025 Full Year,Mini Card - Lady Fingers,Retail,Retail Food,3,4,0,0,1.5,2.63,12,10.5,,0.01
2025 Full Year,Mini Sockerbit Flowers and bunnies,Retail,Retail Food,5,18,0,0,4.2,13.77,252,247.8,,0.19
2025 Full Year,Mini Strawberry sockerbit,Retail,Retail Food,5,27,0,0,0,3.5,94.5,94.5,,0.07
2025 Full Year,Mitica Flatbread,Retail,Retail Food,15,1,0,0,0,15,15,15,,0.01
2025 Full Year,Monte Rio Cellars Zinfandel,Wine,PM Wine,32,6,0,0,64,21.33,192,128,,0.1
2025 Full Year,Moonstruck Black Cat Bar Dark Chocolate,Food,Fall,8,7,0,0,4.8,7.31,56,51.2,,0.04
2025 Full Year,Moonstruck Love Spell Bar Milk Chocolate,Food,Fall,8,8,0,0,0,8,64,64,,0.05
2025 Full Year,More Is More- Get Loose in the Kitchen- a Cookbook by Molly Baz,Retail,Retail Merch,35,2,0,0,17.5,26.25,70,52.5,,0.04
2025 Full Year,moutarde - cognac,Retail,Retail Food,24,2,0,0,0,24,48,48,,0.04
2025 Full Year,Muffin,Food,Bakery,5,496,0,0,17.25,4.97,2480,2462.75,,1.88
2025 Full Year,Muffin Top,Food,Body by Brad,5,6,0,0,0,5,30,30,,0.02
2025 Full Year,Mummy Surprize Ball,Retail,Retail Merch,15,11,0,0,0,15,165,165,,0.13
2025 Full Year,"MY DRAP LINEN Napkins, Natural, 50 Units",Retail,Retail Merch,28,1,0,0,0,28,28,28,,0.02
2025 Full Year,MY DRAP - SMALL NAPKIN ROLL DARK GREY,Retail,Retail Merch,20,4,0,0,0,20,80,80,,0.06
2025 Full Year,NAPKINS - FLOWERS,Retail,Retail Merch,44,1,0,0,0,44,44,44,,0.03
2025 Full Year,Narupa Caneco Albarino Val Do Salnes Rias Baixas,Wine,PM Wine,30,1,0,0,0,30,30,30,,0.02
2025 Full Year,Nutcracker Ornament,Retail,Christmas,28,2,0,0,0,28,56,56,,0.04
2025 Full Year,OG Legally Addictive,Retail,Retail Food,9,16,0,0,0.9,9.57,154,153.1,,0.12
2025 Full Year,Olive Tapenade,Food,Dips,10,12,0,0,0,10,120,120,,0.09
2025 Full Year,One Trick Pony Crunchy Peanut Butter,Retail,Retail Food,11,28,0,0,24.75,10.12,308,283.25,,0.22
2025 Full Year,One Trick Pony - HONEY CRUNCH Peanut Butter,Retail,Retail Food,12,21,0,0,16.8,11.2,252,235.2,,0.18
2025 Full Year,one trick pony - popcorn,Retail,Retail Food,8,10,0,0,0,8,80,80,,0.06
2025 Full Year,One Trick Pony - Silky SMOOTH Natural Peanut Butter,Retail,Retail Food,11,37,0,0,14.3,10.78,413,398.7,,0.3
2025 Full Year,Open Beer,Beer,Open Items,0,10,0,0,11.3,17.17,183,171.7,,0.13
2025 Full Year,Open Beverage,Beverage,Open Items,0,36,0,0,11.3,10.27,381.01,369.71,,0.28
2025 Full Year,Open buyout,Non-taxable,Open Items,0,1,0,0,0,4000,4000,4000,,3.05
2025 Full Year,Open Food,Food,Open Items,0,278,0,0,45.5,18.52,5195.04,5149.54,,3.93
2025 Full Year,Open Retail,Retail,Open Items,0,203,0,0,211.35,16.49,3559.8,3348.45,,2.56
2025 Full Year,Open Wine,Wine,Open Items,0,65,0,0,84.6,31.85,2155,2070.4,,1.58
2025 Full Year,Orange Juice,Beverage,NA Beverage,8,8,0,0,0,8,64,64,,0.05
2025 Full Year,Orange Juice,Retail,NA Beverage,8,31,0,0,0,8,248,248,,0.19
2025 Full Year,Orange Surprise Ball,Retail,Christmas,14,21,0,0,0,14,294,294,,0.22
2025 Full Year,Oyster Cocktail Napkins,Retail,Retail Merch,52,2,0,0,0,34,68,68,,0.05
2025 Full Year,Oyster Ornaments,Retail,Christmas,16,2,0,0,0,16,32,32,,0.02
2025 Full Year,Palette Card,Retail,Retail Merch,6,2,0,0,0,6,12,12,,0.01
2025 Full Year,Paolo Scavino Vino Rosso,Wine,PM Wine,40,6,0,0,20,36.67,240,220,,0.17
2025 Full Year,Passerine Brut Blanca,Wine,PM Wine,30,10,0,0,0,30,300,300,,0.23
2025 Full Year,Peach Soda,Beverage,NA Beverage,3,8,0,0,0,3,24,24,,0.02
2025 Full Year,Peach Syrup,Beverage,Unassigned,2,12,0,0,0,2,24,24,,0.02
2025 Full Year,Peach Syrup,Coffee,Unassigned,2,101,0,0,3.8,1.96,202,198.2,,0.15
2025 Full Year,Peppermint Logs,Retail,Christmas,5,18,0,0,2.5,4.86,90,87.5,,0.07
2025 Full Year,Peppermint Pad - Maeve,Retail,Christmas,14,2,0,0,0,14,28,28,,0.02
2025 Full Year,Petit Ours Rosé,Wine,PM Wine,32,2,0,0,0,34,68,68,,0.05
2025 Full Year,Piecework - Birthday Cocktail Napkins,Retail,Retail Merch,44,2,0,0,0,44,88,88,,0.07
2025 Full Year,Piecework - Pie Cocktail Napkins,Retail,Retail Merch,44,3,0,0,0,44,132,132,,0.1
2025 Full Year,Pimento Cheese,Food,Dips,14,30,0,0,8.4,13.65,418,409.6,,0.31
2025 Full Year,Pine Tree - Ranger Station,Retail,Christmas,40,2,0,0,0,40,80,80,,0.06
2025 Full Year,Pizza Camp,Retail,Retail Merch,32.5,1,0,0,0,32.5,32.5,32.5,,0.02
2025 Full Year,Pizza Kit,Food,Bakery,18,2,0,0,0,18,36,36,,0.03
2025 Full Year,Placecards Hester & Cook,Retail,Retail Merch,12,15,0,0,3.6,11.76,180,176.4,,0.13
2025 Full Year,Placemats Gingerbread,Retail,Christmas,33,3,0,0,3.3,31.9,99,95.7,,0.07
2025 Full Year,Playing Cards,Retail,Retail Merch,15,4,0,0,0,15,60,60,,0.05
2025 Full Year,Pm Bumper Sticker,Retail,PM Merchandise,5,3,0,0,0,5,15,15,,0.01
2025 Full Year,PM Sweatshirt,Retail,PM Merchandise,58,4,0,0,78.1,51.48,284,205.9,,0.16
2025 Full Year,Pm tumbler,Retail,PM Merchandise,40,7,0,0,60,31.43,280,220,,0.17
2025 Full Year,POMMERY MUSTARD,Retail,Retail Food,25,3,0,0,0,24.67,74,74,,0.06
2025 Full Year,Pommery Mustard w Cognac,Retail,Retail Merch,24,3,0,0,0,24,72,72,,0.05
2025 Full Year,Pop-Chips Truffle,Retail,Retail Food,8,4,0,0,4,7,32,28,,0.02
2025 Full Year,Pop-Corn Truffle,Retail,Retail Food,8,2,0,0,0,8,16,16,,0.01
2025 Full Year,Pop tart,Food,Bakery,5,24,0,0,1.5,4.94,120,118.5,,0.09
2025 Full Year,Potter's Flat Breads,Retail,Retail Food,15,6,0,0,0,15,90,90,,0.07
2025 Full Year,Pound Cake,Food,Bakery,5,25,0,0,0,5,125,125,,0.1
2025 Full Year,Pra Morandina Valpolicella,Wine,PM Wine,33,11,0,0,0,33,363,363,,0.28
2025 Full Year,Pra Otto,Wine,PM Wine,22,4,0,0,0,22,88,88,,0.07
2025 Full Year,Pumpkin Spice Maple Syrup,Retail,Retail Food,16,5,0,0,0,16,80,80,,0.06
2025 Full Year,Pumpkin Surprize Ball,Retail,Retail Merch,24,4,0,0,0,24,96,96,,0.07
2025 Full Year,Ramona Sparkling Rose,Wine,PM Wine,26,3,0,0,0,26,78,78,,0.06
2025 Full Year,Ratatouille,Food,Entrees,24,1,0,0,0,24,24,24,,0.02
2025 Full Year,Rayos Uva Olivier Riviere Vinos,Wine,PM Wine,34,3,0,0,0,34,102,102,,0.08
2025 Full Year,R/C Cola,Beverage,NA Beverage,3,2,0,0,0,3,6,6,,0
2025 Full Year,Resin Napkin Rings,Retail,Retail Merch,7,35,0,0,0,7,245,245,,0.19
2025 Full Year,Roast Beef,Food,Jazz,18,1,0,0,0,18,18,18,,0.01
2025 Full Year,Roast Chicken Sandwich,Food,Soup & Sandwiches,13,291,0,0,81.25,12.72,3783,3701.75,,2.83
2025 Full Year,Ronchi Di Cialla,Wine,PM Wine,40,2,0,0,20,30,80,60,,0.05
2025 Full Year,Root Beer,Beverage,NA Beverage,3,4,0,0,0,3,12,12,,0.01
2025 Full Year,Rosso Puglia,Wine,PM Wine,30,2,0,0,0,30,60,60,,0.05
2025 Full Year,Rotating Salad,Food,Soup & Sandwiches,18,80,0,0,13.5,17.83,1440,1426.5,,1.09
2025 Full Year,Rotating Sandwich,Food,Soup & Sandwiches,13,42,0,0,1.3,12.97,546,544.7,,0.42
2025 Full Year,rotating - tandem,Coffee,Coffee,20,10,0,0,0,20,200,200,,0.15
2025 Full Year,Ruby Apricot - Marmalade Grows,Retail,Retail Food,9,19,0,0,0,9,171,171,,0.13
2025 Full Year,Runamok Syrup Sugarmaker Cut,Retail,Retail Food,18,2,0,0,0,18,36,36,,0.03
2025 Full Year,Safety Matches,Retail,Retail Merch,21,5,0,0,0,21,105,105,,0.08
2025 Full Year,Saint Nick's Piper - Ranger Station,Retail,Christmas,40,5,0,0,0,40,200,200,,0.15
2025 Full Year,Salchichon Iberico,Retail,Retail Food,18,3,0,0,0,18,54,54,,0.04
2025 Full Year,SALT & TWINE - Prosciutto,Food,Retail Food,9,11,0,0,10.8,8.02,99,88.2,,0.07
2025 Full Year,SALT & TWINE - Salted Fennel,Retail,Retail Food,9,13,0,0,0,9,117,117,,0.09
2025 Full Year,Santa's Camper - Maeve,Retail,Christmas,16,7,0,0,0,14.29,100,100,,0.08
2025 Full Year,Sardine Cards,Retail,Retail Merch,4,6,0,0,0,4,24,24,,0.02
2025 Full Year,sardines matches,Retail,Retail Merch,13,5,0,0,0,13,65,65,,0.05
2025 Full Year,Sausage - Blueberry,Retail,Frozen,30,5,0,0,0,30,150,150,,0.11
2025 Full Year,Sausage - Jalapeno,Retail,Frozen,18,2,0,0,0,18,36,36,,0.03
2025 Full Year,Sausage - Mild Pork,Retail,Frozen,24,2,0,0,0,24,48,48,,0.04
2025 Full Year,Sausage - Sweet Italian,Retail,Frozen,18,1,0,0,0,18,18,18,,0.01
2025 Full Year,Sea Lover's Cookbook,Retail,Retail Merch,27.95,1,0,0,0,27.95,27.95,27.95,,0.02
2025 Full Year,Senate Bean Soup,Food,Frozen,22,8,0,0,0,22,176,176,,0.13
2025 Full Year,SHARE Everything Crackers,Retail,Retail Food,12,41,0,0,1.2,11.97,492,490.8,,0.37
2025 Full Year,SHARE Zaatar Crackers,Food,Retail Food,12,13,0,0,0,12,156,156,,0.12
2025 Full Year,Shell - Isatopia Card,Retail,Retail Merch,7,1,0,0,0,7,7,7,,0.01
2025 Full Year,Shepherd's Pie,Food,Frozen,38,28,0,0,0,38,1064,1064,,0.81
2025 Full Year,Small Matchboxes,Retail,Retail Merch,13,9,0,0,19.5,10.83,117,97.5,,0.07
2025 Full Year,Sm Saratoga Water,Beverage,NA Beverage,4,111,0,0,0.4,4,444,443.6,,0.34
2025 Full Year,Sm Sparkling Saratoga,Beverage,NA Beverage,4,23,0,0,2.4,3.9,92,89.6,,0.07
2025 Full Year,Sockerbit SPOOKY Gummy Mix,Food,Fall,12,27,189,100,0,11.56,312,312,,0.24
2025 Full Year,Soellner Gruner Toni Veltliner,Wine,PM Wine,24,6,0,0,2.4,23.6,144,141.6,,0.11
2025 Full Year,Sorgente Prosecco,Wine,PM Wine,30,1,0,0,0,30,30,30,,0.02
2025 Full Year,Sparkling Apple Juice,Retail,NA Beverage,5,26,0,0,1,4.96,130,129,,0.1
2025 Full Year,SQIRL Strawberry Rhubarb Fruit Spread,Retail,Retail Food,16,2,0,0,0,16,32,32,,0.02
2025 Full Year,Star Ornament,Retail,Christmas,28,2,0,0,0,28,56,56,,0.04
2025 Full Year,Star Ornament - Knit,Retail,Christmas,28,1,0,0,0,28,28,28,,0.02
2025 Full Year,Strawberry Juice,Beverage,NA Beverage,8,2,0,0,0,8,16,16,,0.01
2025 Full Year,Sugar plum surprise ball,Retail,Christmas,14,27,0,0,8.4,13.69,378,369.6,,0.28
2025 Full Year,Sunday Suppers Recipes + Gatherings,Retail,Retail Merch,37.99,2,0,0,19,28.49,75.98,56.98,,0.04
2025 Full Year,Sun Lamp,Retail,Coffee,20,1,0,0,0,20,20,20,,0.02
2025 Full Year,Surprise Party Legally Addictive,Retail,Retail Food,9,14,0,0,0.9,9.51,134,133.1,,0.1
2025 Full Year,Sweet Enough: a Dessert Cookbook by Alison Roman,Retail,Retail Merch,35,1,0,0,0,35,35,35,,0.03
2025 Full Year,swimmer matches,Retail,Retail Merch,13,2,0,0,0,13,26,26,,0.02
2025 Full Year,Table Cards Hester & Cook,Retail,Retail Merch,16,5,0,0,0,16,80,80,,0.06
2025 Full Year,Table for Two,Retail,Retail Merch,25,2,0,0,0,25,50,50,,0.04
2025 Full Year,"Table Runner ""dinner party""",Retail,Retail Merch,35,5,0,0,0,35,175,175,,0.13
2025 Full Year,Tahini Date & Cacao Nib Granola - Sweet Deliverance,Retail,Retail Food,18,7,0,0,0,16,112,112,,0.09
2025 Full Year,TALL Guzzini Cups,Retail,Retail Merch,8,4,0,0,0,8,32,32,,0.02
2025 Full Year,TANDEM - time and temp,Retail,Coffee,22,3,0,0,0,22,66,66,,0.05
2025 Full Year,Taper Candles Color Block,Retail,Retail Merch,17,12,0,0,0,17,204,204,,0.16
2025 Full Year,Taper Candles - Greentree,Retail,Retail Merch,16,14,0,0,0,16,224,224,,0.17
2025 Full Year,Taper Candles Merida,Retail,Retail Merch,12,1,0,0,0,12,12,12,,0.01
2025 Full Year,Tarts Anon,Retail,Retail Merch,35,1,0,0,0,35,35,35,,0.03
2025 Full Year,Tea,Coffee,Coffee,4,18,0,0,2.2,3.88,72,69.8,,0.05
2025 Full Year,Thai Beef Curry,Food,Frozen,38,47,0,0,0,37.91,1782,1782,,1.36
2025 Full Year,Thank you card,Retail,Retail Merch,6,2,0,0,0,6,12,12,,0.01
2025 Full Year,The Cookie That Changed My Life,Retail,Retail Merch,40,1,0,0,20,20,40,20,,0.02
2025 Full Year,The Cook's Atelier,Retail,Retail Merch,55,3,0,0,0,55,165,165,,0.13
2025 Full Year,The Dinner Party,Retail,Retail Merch,42,2,0,0,0,42,84,84,,0.06
2025 Full Year,The Four Horsemen Food & Wine for Good Times,Retail,Retail Merch,45,2,0,0,49.5,20.25,90,40.5,,0.03
2025 Full Year,The Moosewood Cookbook,Retail,Retail Merch,32.5,2,0,0,0,32.5,65,65,,0.05
2025 Full Year,The Pizza Bible,Retail,Retail Merch,29.99,1,0,0,0,29.99,29.99,29.99,,0.02
2025 Full Year,Thierry Germain Domaine Des Roches Neuves Saumur Champigny Cuvee Domaine,Wine,PM Wine,40,3,0,0,20,33.33,120,100,,0.08
2025 Full Year,Tiberio Cerasuolo,Wine,PM Wine,40,2,0,0,0,40,80,80,,0.06
2025 Full Year,Tiki Cocktails 180+ Dreamy Drinks and Luau-inspired Libations,Retail,Retail Merch,24.95,2,0,0,0,24.95,49.9,49.9,,0.04
2025 Full Year,Tinsel Rolls,Retail,Christmas,6,5,0,0,0,6,30,30,,0.02
2025 Full Year,Tomato Soup,Food,Frozen,22,9,0,0,2.2,21.76,198,195.8,,0.15
2025 Full Year,Train Matches,Retail,Christmas,22,4,0,0,0,22,88,88,,0.07
2025 Full Year,Turkey and the Wolf Flavor Trippin' in New Orleans [a Cookbook],Retail,Retail Merch,30,4,0,0,0,30,120,120,,0.09
2025 Full Year,Turkey Sandwich,Food,Soup & Sandwiches,13,362,0,0,66.3,12.82,4706,4639.7,,3.54
2025 Full Year,VANDY - Herbs de Provence,Retail,Retail Food,16,32,0,0,3.2,15.9,512,508.8,,0.39
2025 Full Year,VANDY - Original,Retail,Retail Food,16,59,0,0,18.4,15.69,944,925.6,,0.71
2025 Full Year,Vegetable Minestrone,Food,Frozen,22,4,0,0,0,22,88,88,,0.07
2025 Full Year,VESSEL PILLAR - GREENTREE HOME,Retail,Retail Merch,44,1,0,0,0,45,45,45,,0.03
2025 Full Year,Ve Ve Vinho Verde,Wine,PM Wine,22,6,0,0,0,22,132,132,,0.1
2025 Full Year,Via Alpina Pinot Grigio,Wine,PM Wine,25,6,0,0,0,25,150,150,,0.11
2025 Full Year,Walter Scott Pinot Noir,Wine,Cave De PM,76,1,0,0,0,76,76,76,,0.06
2025 Full Year,Watering Can Cocktail Napkins,Retail,Retail Merch,48,3,0,0,0,34,102,102,,0.08
2025 Full Year,Whipped Honey,Retail,Retail Food,18,9,0,0,5.4,17.4,162,156.6,,0.12
2025 Full Year,Whipped ricotta,Food,Dips,12,108,0,0,15.6,11.86,1296,1280.4,,0.98
2025 Full Year,White Chicken Chili LARGE,Food,Soup & Sandwiches,22,1,0,0,0,22,22,22,,0.02
2025 Full Year,White Loaf,Food,Bread,14,2,0,0,0,14,28,28,,0.02
2025 Full Year,Ziti w Bolognese,Food,Frozen,36,3,0,0,0,36,108,108,,0.08
2026 YTD,Add Syrup,Coffee,Coffee,1,719,0,0,7.5,0.99,719,711.5,,1.35
2026 YTD,All Roads Cotton Napkins (x2),Retail,Retail Merch,36,1,0,0,0,36,36,36,,0.07
2026 YTD,Alpine Red California Red Wine,Wine,PM Wine,24,4,0,0,0,24,96,96,,0.18
2026 YTD,Americano,Coffee,Coffee,4,102,0,0,5.6,3.95,408,402.4,,0.77
2026 YTD,Animal Menagerie Stationary,Retail,Christmas,30,3,0,0,24,22,90,66,,0.13
2026 YTD,Archivist card,Retail,Retail Merch,7,11,0,0,0,6.64,73,73,,0.14
2026 YTD,Asparagus Chowder,Food,Retail Food,14,4,0,0,0,14,56,56,,0.11
2026 YTD,Ayoh Dill Pickle Mayo Sando Sauce,Retail,Retail Food,12,1,0,0,0,12,12,12,,0.02
2026 YTD,Ayoh Hot Giardinayo Sando Sauce,Retail,Retail Food,12,4,0,0,0,12,48,48,,0.09
2026 YTD,Ayoh Tangy Dijonayo Sando Sauce,Retail,Retail Food,12,1,0,0,0,12,12,12,,0.02
2026 YTD,Badenhorst Secateurs Chenin Blanc,Wine,PM Wine,28,2,0,0,0,28,56,56,,0.11
2026 YTD,Baked Ziti W/ Meatballs,Food,Frozen,36,38,0,0,0,36,1368,1368,,2.6
2026 YTD,Beef Broth,Retail,Frozen,20,1,0,0,0,20,20,20,,0.04
2026 YTD,Beef Stroganoff,Food,Frozen,38,37,0,0,5.7,37.85,1406,1400.3,,2.66
2026 YTD,Benton's Bacon,Food,Frozen,30,13,0,0,0,30,390,390,,0.74
2026 YTD,Benton's Ham,Food,Frozen,18,3,0,0,0,18,54,54,,0.1
2026 YTD,Birthday Truffle Bar Maeve,Retail,Retail Food,7.5,13,0,0,2.8,7.05,94.5,91.7,,0.17
2026 YTD,Biscuits,Food,Frozen,16,5,0,0,0,16,80,80,,0.15
2026 YTD,Bizzarro Strawberry Yuzu Spritz,Wine,PM Beer,16,2,0,0,0,16,32,32,,0.06
2026 YTD,Blueberry and Sunflower Butter Granola,Retail,Retail Food,18,8,0,0,9.8,16.28,140,130.2,,0.25
2026 YTD,Blueberry Maine Root Soda,Beverage,NA Beverage,3,5,0,0,0.3,2.94,15,14.7,,0.03
2026 YTD,Bon bon Sour BLACKBERRY Fish Candy,Retail,Retail Food,8,21,0,0,0.8,7.96,168,167.2,,0.32
2026 YTD,Bon Bon Sour PEACH Swedish Fish,Retail,Retail Food,8,6,0,0,0,8,48,48,,0.09
2026 YTD,Bon bon SOUR Wild STRAWBERRY Fish Candy,Retail,Retail Food,8,25,0,0,1.6,7.94,200,198.4,,0.38
2026 YTD,Bon Bon SWEET Wild STRAWBERRY Swedish Fish,Retail,Retail Food,8,34,0,0,0,8,272,272,,0.52
2026 YTD,Bonjour - Isatopia Card,Retail,Retail Merch,7,1,0,0,0,7,7,7,,0.01
2026 YTD,Borgo Savaian Aransat,Wine,PM Wine,28,2,0,0,0,28,56,56,,0.11
2026 YTD,Breakfast Sandwich,Food,Soup & Sandwiches,10,94,0,0,6,9.94,940,934,,1.78
2026 YTD,Buffalo Chicken Dip,Food,Dips,16,14,0,0,0,16,224,224,,0.43
2026 YTD,Cake Slice Table Accents,Retail,Retail Merch,16,1,0,0,0,16,16,16,,0.03
2026 YTD,Cantina Marilina Sikele,Wine,PM Wine,30,1,0,0,0,30,30,30,,0.06
2026 YTD,Cappuccino,Coffee,Coffee,5.5,154,0,0,2.75,5.48,847,844.25,,1.61
2026 YTD,Card Amy Zhang,Retail,Retail Merch,5,133,0,0,0,5,665,665,,1.27
2026 YTD,Card Just Saying Hi,Retail,Retail Merch,6,1,0,0,0,6,6,6,,0.01
2026 YTD,Carrot Surprise Tops,Retail,Retail Merch,15,6,0,0,0,15,90,90,,0.17
2026 YTD,Cedre Heritage Malbec Cahors,Wine,PM Wine,30,2,0,0,0,30,60,60,,0.11
2026 YTD,Chai Latte,Coffee,Coffee,6,38,0,0,1.8,5.95,228,226.2,,0.43
2026 YTD,Charcoal Brioche,Food,Bread,15,6,0,0,0,15,90,90,,0.17
2026 YTD,Cheerwine Soda,Beverage,NA Beverage,3,8,0,0,0,3,24,24,,0.05
2026 YTD,Cherry Bomb Truffle Bar,Food,Retail Food,7.5,1,0,0,0,7.5,7.5,7.5,,0.01
2026 YTD,Cherry Surprise Ball,Retail,Valentine,13,4,0,0,0,13,52,52,,0.1
2026 YTD,Chicken Chili Small,Food,Soup & Sandwiches,14,23,0,0,0,14,322,322,,0.61
2026 YTD,Chicken Curry,Food,Frozen,25,12,0,0,0,25,300,300,,0.57
2026 YTD,Chick Surprise Ball,Retail,Retail Merch,15,6,0,0,0,15,90,90,,0.17
2026 YTD,Chick Surprise Tops,Retail,Retail Merch,15,2,0,0,0,15,30,30,,0.06
2026 YTD,Chocolate Chip Cookie,Food,Bakery,4,303,0,0,1.6,3.99,1212,1210.4,,2.3
2026 YTD,Chucktown Acres - Bacon,Retail,Frozen,30,2,0,0,15,22.5,60,45,,0.09
2026 YTD,Chucktown Acres - Bone-in Pork Chops,Retail,Frozen,30,1,0,0,0,30,30,30,,0.06
2026 YTD,Chucktown Acres - Burger Patties,Retail,Retail Food,34,1,0,0,0,34,34,34,,0.06
2026 YTD,Chucktown Acres - WINGS,Retail,Frozen,24,1,0,0,0,24,24,24,,0.05
2026 YTD,Cinnamon Buns,Food,Frozen,18,4,0,0,0,18,72,72,,0.14
2026 YTD,Cinnamon Rolls,Food,Frozen,25,6,0,0,15,22.5,150,135,,0.26
2026 YTD,Cirelli Trebiano d'Abruzzo,Wine,PM Wine,38,1,0,0,22.8,15.2,38,15.2,,0.03
2026 YTD,Cobb Chardonnay Sonoma,Wine,Cave De PM,66,1,0,0,0,66,66,66,,0.13
2026 YTD,Coeurs Dark Choc Heart Bar,Retail,Valentine,13,5,0,0,0,13,65,65,,0.12
2026 YTD,Coeurs Pink Heart Chocolate Bar,Retail,Valentine,13,5,0,0,0,13,65,65,,0.12
2026 YTD,Cold Brew,Coffee,Coffee,6.5,98,0,0,18.85,6.31,637,618.15,,1.18
2026 YTD,Comptoir Du Cacao,Retail,Retail Food,12,4,0,0,0,12,48,48,,0.09
2026 YTD,Cookie Asst.,Food,Bakery,4,182,0,0,2,3.99,728,726,,1.38
2026 YTD,Cookie Box Valentine,Food,Valentine,40,16,0,0,0,40,640,640,,1.22
2026 YTD,Cookie Cake,Food,Valentine,15,27,0,0,0,15,405,405,,0.77
2026 YTD,Cortado,Coffee,Coffee,4.5,66,0,0,4.5,4.43,297,292.5,,0.56
2026 YTD,Dark Chocolate Pecan Bark - Zorro,Retail,Retail Food,16,1,0,0,0,16,16,16,,0.03
2026 YTD,Date Better - ALMOND JAVA CRUNCH,Retail,Retail Food,8,4,0,0,0,8,32,32,,0.06
2026 YTD,Date Better - HAZELNUT PRALINE,Retail,Retail Food,8,3,0,0,0,8,24,24,,0.05
2026 YTD,Date Better - PEANUT BUTTER CRUNCH,Retail,Retail Food,8,7,0,0,0,8,56,56,,0.11
2026 YTD,Date Better - ROYAL CINNAMON BAKLAVA,Retail,Retail Food,8,5,0,0,0,8,40,40,,0.08
2026 YTD,Date Better - SNICKERDOODLE,Retail,Retail Food,8,6,0,0,0,8,48,48,,0.09
2026 YTD,Deposit,Non-taxable,Buyouts,750,1,0,0,0,750,750,750,,1.43
2026 YTD,Dilenquente-Weeping Juan,Wine,PM Wine,30,3,0,0,0,30,90,90,,0.17
2026 YTD,Dirt Pile Truffle Bar,Food,Retail Food,7.5,2,0,0,0,7.5,15,15,,0.03
2026 YTD,Disciples el Coco,Wine,Cave De PM,120,1,0,0,0,120,120,120,,0.23
2026 YTD,Disciples Red Wine,Wine,Cave De PM,90,1,0,0,0,90,90,90,,0.17
2026 YTD,Disciples Sauvignon Blanc,Wine,Cave De PM,80,1,0,0,0,80,80,80,,0.15
2026 YTD,Dog Treats,Food,Bakery,5,16,0,0,0.5,4.97,80,79.5,,0.15
2026 YTD,Dozen Eggs,Food,Retail Food,12,10,0,0,0,12,120,120,,0.23
2026 YTD,Drink Ticket House of Gleason cocktail napkins,Retail,Retail Merch,52,2,0,0,0,52,104,104,,0.2
2026 YTD,Dual Pricing,Non-Sales Revenue,Surcharges,0.04,1726,0,0,0,1.23,2126.75,2126.75,,4.05
2026 YTD,EDISTO - BLUEBERRY HONEY,Retail,Retail Food,18,7,0,0,0,18,126,126,,0.24
2026 YTD,EDISTO - HOT HONEY,Retail,Retail Food,18,3,0,0,0,18,54,54,,0.1
2026 YTD,Eifel Tower Ornament,Retail,Christmas,20,1,0,0,8,12,20,12,,0.02
2026 YTD,English muffin 4-pack,Food,Retail Food,12,1,0,0,0,12,12,12,,0.02
2026 YTD,Espresso,Coffee,Coffee,3,35,0,0,0,3,105,105,,0.2
2026 YTD,Extra Large Pommery Mustard,Retail,Retail Food,29,3,0,0,0,29,87,87,,0.17
2026 YTD,Famille Gras Les Vieilles Vignes,Wine,PM Wine,30,3,0,0,0,30,90,90,,0.17
2026 YTD,Fanny at Chez Panisse by Alice Waters cookbook,Retail,Retail Merch,22,2,0,0,0,22,44,44,,0.08
2026 YTD,Fattoria di Sammontana Chianti,Wine,PM Wine,28,1,0,0,0,28,28,28,,0.05
2026 YTD,Focaccia - Petit,Food,Bread,15,127,0,0,9,14.93,1905,1896,,3.61
2026 YTD,Food Your Want to Eat cookbook,Retail,Retail Merch,35,1,0,0,17.5,17.5,35,17.5,,0.03
2026 YTD,Forx Farm Butter,Food,Retail Food,22,1,0,0,0,22,22,22,,0.04
2026 YTD,Fraise Chocolate Bar,Retail,Valentine,13,4,0,0,0,13,52,52,,0.1
2026 YTD,Framboise Chocolate Bar,Retail,Valentine,13,6,0,0,0,13,78,78,,0.15
2026 YTD,Francis Blanchet Pouilly Fume,Wine,PM Wine,32,2,0,0,0,32,64,64,,0.12
2026 YTD,Francois Villard L'Appel des Sereines,Retail,PM Wine,28,5,0,0,0,28,140,140,,0.27
2026 YTD,Frankie's Classic New York Deli Pickles,Retail,Retail Food,13,3,0,0,1.3,12.57,39,37.7,,0.07
2026 YTD,French Toast Casserole,Food,Frozen,24,6,0,0,0,24,144,144,,0.27
2026 YTD,Gail Wines Doris Cabernet Sauvignon,Wine,PM Wine,30,1,0,0,0,30,30,30,,0.06
2026 YTD,Gap's Crown Marine Layer Chardonnay,Wine,Cave De PM,72,1,0,0,0,72,72,72,,0.14
2026 YTD,Golf Cocktail Napkins - House of Gleason,Retail,Retail Merch,48,5,0,0,0,48,240,240,,0.46
2026 YTD,Granola Pistachio Sour Cherry Sweet Deliverance,Retail,Retail Food,18,4,0,0,0,18,72,72,,0.14
2026 YTD,Granola Strawberry and Salty Peanut Sweet Deliverance,Retail,Retail Food,18,10,0,0,0,18,180,180,,0.34
2026 YTD,Grillo Gurrieri 2024,Wine,PM Wine,36,2,0,0,0,36,72,72,,0.14
2026 YTD,Gummy Easter Sockerbit,Food,Retail Food,14,20,0,0,15.6,14.12,298,282.4,,0.54
2026 YTD,Ham & Brie,Food,Soup & Sandwiches,13,111,0,0,5.2,12.95,1443,1437.8,,2.74
2026 YTD,Happy Birthday CAKE - Isatopia Card,Retail,Retail Merch,7,1,0,0,0,7,7,7,,0.01
2026 YTD,HBD Card,Retail,Retail Merch,6,2,0,0,3,4.5,12,9,,0.02
2026 YTD,Heart Box Chocolates Maeve,Retail,Valentine,12,5,0,0,0,12,60,60,,0.11
2026 YTD,Heart cocktail napkins,Retail,Valentine,58,1,0,0,0,58,58,58,,0.11
2026 YTD,Heart Surprise Tops,Retail,Valentine,30,1,0,0,0,30,30,30,,0.06
2026 YTD,Home in Bloom Lessons for Creating Floral Beauty in Every Room,Retail,Retail Merch,40,1,0,0,0,40,40,40,,0.08
2026 YTD,Hopscotch Soda,Beverage,NA Beverage,3,3,0,0,0,3,9,9,,0.02
2026 YTD,Hot Chocolate,Beverage,Coffee,5,6,0,0,0,5,30,30,,0.06
2026 YTD,Hot Girl Pickles Bread and Butter Chips,Food,Retail Food,14,4,0,0,0,14,56,56,,0.11
2026 YTD,Hot Girl Pickles Honey Harissa,Food,Retail Food,14,8,0,0,0,14,112,112,,0.21
2026 YTD,Hot Girl Pickles Original Dill,Retail,Retail Food,14,12,0,0,0,14,168,168,,0.32
2026 YTD,Humble Forager Luminous Horizon,Beer,PM Beer,20,1,0,0,0,20,20,20,,0.04
2026 YTD,Jean Vesselle Champagne,Wine,Cave De PM,80,4,0,0,0,80,320,320,,0.61
2026 YTD,JK Carriere Pinot Noir,Wine,PM Wine,40,2,0,0,0,40,80,80,,0.15
2026 YTD,Jolie-Laide Glou D'etat Red Blend,Wine,PM Wine,34,3,0,0,0,34,102,102,,0.19
2026 YTD,Kombucha Ginger Hibiscus,Beverage,NA Beverage,6.5,13,0,0,1.3,6.4,84.5,83.2,,0.16
2026 YTD,Kombucha Pear,Beverage,NA Beverage,6.5,21,0,0,0.65,6.47,136.5,135.85,,0.26
2026 YTD,Kombucha Yuzu,Beverage,NA Beverage,6.5,17,0,0,5.2,6.19,110.5,105.3,,0.2
2026 YTD,Lady Joseph Crackers,Retail,Retail Food,11,5,0,0,0,11,55,55,,0.1
2026 YTD,L'Alpage Chasselas,Wine,PM Wine,30,3,0,0,0,30,90,90,,0.17
2026 YTD,Land Of Saints Chardonnay Santa Barbara,Wine,PM Wine,30,1,0,0,15,15,30,15,,0.03
2026 YTD,Lange Sea Salt Pure Flake,Food,Retail Food,25,9,0,0,0,25,225,225,,0.43
2026 YTD,Large Crow Canyon Plate,Retail,Retail Merch,20,4,0,0,0,20,80,80,,0.15
2026 YTD,Latte,Coffee,Coffee,6,754,0,0,52.8,5.93,4524,4471.2,,8.51
2026 YTD,Le Bon Garcon - Classic Sea Salt Caramels,Retail,Retail Food,28,6,0,0,0,28,168,168,,0.32
2026 YTD,Le Bon Garcon - Honey Lavender Caramels,Retail,Retail Food,28,2,0,0,0,28,56,56,,0.11
2026 YTD,Le Bon Garcon - Strawberry Sakura Caramels,Retail,Retail Food,28,6,0,0,14,25.67,168,154,,0.29
2026 YTD,Les Athletes du Vin Chardonnay,Wine,PM Wine,26,2,0,0,0,26,52,52,,0.1
2026 YTD,Lg Saratoga Water,Beverage,NA Beverage,8,2,0,0,0,8,16,16,,0.03
2026 YTD,Long Matchbox,Retail,Retail Merch,23,3,0,0,0,23,69,69,,0.13
2026 YTD,Lorenza Rosé,Wine,PM Wine,30,8,0,0,0,30,240,240,,0.46
2026 YTD,Maeve Bon Bon Box,Retail,Valentine,24,4,0,0,0,24,96,96,,0.18
2026 YTD,MALDON - Pink Salt,Food,Retail Food,11,1,0,0,0,11,11,11,,0.02
2026 YTD,Mandarin Soda Maine Root,Beverage,NA Beverage,3,2,0,0,0,3,6,6,,0.01
2026 YTD,Marchesi di Gresy Barbaresco Martinenga,Wine,Cave De PM,60,1,0,0,0,60,60,60,,0.11
2026 YTD,Marine Layer Pinot Noir,Wine,PM Wine,76,2,0,0,0,76,152,152,,0.29
2026 YTD,MASA Tortilla Chips COBANERO,Retail,Retail Food,16,33,0,0,8,15.76,528,520,,0.99
2026 YTD,MASA - Tortilla Chips LIME,Retail,Retail Food,16,1,0,0,0,16,16,16,,0.03
2026 YTD,MASA Tortilla Chips Traditional,Retail,Retail Food,16,34,0,0,0,16,544,544,,1.04
2026 YTD,Matcha Latte,Coffee,Coffee,8,188,0,0,21.6,7.89,1504,1482.4,,2.82
2026 YTD,Matcha Powder Holy City,Retail,Retail Food,28,3,0,0,0,28,84,84,,0.16
2026 YTD,Meatloaf with Brussels,Food,Frozen,36,4,0,0,0,36,144,144,,0.27
2026 YTD,Merci La Vie Cabernet Franc,Wine,PM Wine,38,3,0,0,0,38,114,114,,0.22
2026 YTD,Merci t-shirt,Retail,PM Merchandise,38,7,0,0,0,45.14,316,316,,0.6
2026 YTD,Mexican Cola Maine Root Soda,Beverage,NA Beverage,3,4,0,0,0.3,2.93,12,11.7,,0.02
2026 YTD,Mini Sockerbit Flowers and bunnies,Food,Retail Food,5,13,0,0,0,5,65,65,,0.12
2026 YTD,Mini Sockerbit Flowers and bunnies,Retail,Retail Food,5,1,0,0,5.6,8.4,14,8.4,,0.02
2026 YTD,Mini Strawberry sockerbit,Retail,Retail Food,5,18,0,0,0,5,90,90,,0.17
2026 YTD,Muffin,Food,Bakery,5,159,0,0,4.5,4.97,795,790.5,,1.5
2026 YTD,MY DRAP - SMALL NAPKIN ROLL DARK GREY,Retail,Retail Merch,20,1,0,0,0,20,20,20,,0.04
2026 YTD,Night Chocolates Maeve,Retail,Valentine,14,7,0,0,0,14,98,98,,0.19
2026 YTD,Notelet Archivist card,Retail,Retail Merch,5,19,0,0,0,5,95,95,,0.18
2026 YTD,One Trick Pony Crunchy Peanut Butter,Retail,Retail Food,11,3,0,0,0,11,33,33,,0.06
2026 YTD,Open Beer,Beer,Open Items,0,4,0,0,0,22,88,88,,0.17
2026 YTD,Open Beverage,Beverage,Open Items,0,7,0,0,0.5,4.07,29,28.5,,0.05
2026 YTD,Open buyout,Non-taxable,Open Items,0,1,0,0,0,750,750,750,,1.43
2026 YTD,Open Food,Food,Open Items,0,72,0,0,2.1,8,578,575.9,,1.1
2026 YTD,Open Retail,Retail,Open Items,0,63,0,0,79.6,22.42,1492.02,1412.42,,2.69
2026 YTD,Open Wine,Wine,Open Items,0,5,0,0,0,29.6,148,148,,0.28
2026 YTD,Passerine Brut Blanca,Wine,PM Wine,30,7,0,0,0,30,210,210,,0.4
2026 YTD,Pasta Salad,Food,Retail Food,10,7,0,0,1,9.86,70,69,,0.13
2026 YTD,Peanut Butter Banana Bar Maeve,Retail,Valentine,7.5,12,0,0,0,7.5,90,90,,0.17
2026 YTD,Pecans Milk Chocolate Covered Zorro,Retail,Retail Food,19,8,0,0,0,19,152,152,,0.29
2026 YTD,Pecans Roasted and Salted Zorro,Retail,Retail Food,19,12,0,0,0,19,228,228,,0.43
2026 YTD,Pecans Toffee Zorro,Retail,Retail Food,19,6,0,0,0,19,114,114,,0.22
2026 YTD,Peches Soda,Beverage,NA Beverage,3,16,0,0,0.3,2.98,48,47.7,,0.09
2026 YTD,Petit Ours Rosé,Wine,PM Wine,32,2,0,0,0,32,64,64,,0.12
2026 YTD,Placecards Hester & Cook,Retail,Retail Merch,12,1,0,0,0,12,12,12,,0.02
2026 YTD,Pm Bumper Sticker,Retail,PM Merchandise,5,5,0,0,0,5,25,25,,0.05
2026 YTD,PM Sweatshirt,Retail,PM Merchandise,58,3,0,0,35.5,59.17,213,177.5,,0.34
2026 YTD,Pm tumbler,Retail,PM Merchandise,40,12,0,0,0,40,480,480,,0.91
2026 YTD,Poggio Anima Montepulciano D'Abruzzo,Wine,PM Wine,22,2,0,0,0,22,44,44,,0.08
2026 YTD,POMMERY MUSTARD,Retail,Retail Food,25,1,0,0,0,25,25,25,,0.05
2026 YTD,Potter's Flat Breads,Retail,Retail Food,15,5,0,0,0,15,75,75,,0.14
2026 YTD,Pra Morandina Valpolicella,Wine,PM Wine,33,5,0,0,0,33,165,165,,0.31
2026 YTD,Pra Otto,Wine,PM Wine,22,2,0,0,0,22,44,44,,0.08
2026 YTD,Ranger Station Candle,Retail,Retail Merch,40,27,0,0,0,40,1080,1080,,2.06
2026 YTD,Resin Napkin Rings,Retail,Retail Merch,7,18,0,0,0,7,126,126,,0.24
2026 YTD,Roast Beef Sandwich,Food,Soup & Sandwiches,13,20,0,0,1.3,12.94,260,258.7,,0.49
2026 YTD,Roast Chicken Sandwich,Food,Soup & Sandwiches,13,115,0,0,19.5,12.83,1495,1475.5,,2.81
2026 YTD,Roasted Chicken for two,Food,Frozen,28,15,0,0,0,27,405,405,,0.77
2026 YTD,Root 42 Soda,Beverage,NA Beverage,3,5,0,0,0,3,15,15,,0.03
2026 YTD,Root Beer Maine Root Soda,Beverage,NA Beverage,3,3,0,0,0,3,9,9,,0.02
2026 YTD,Rosso Puglia,Wine,PM Wine,30,1,0,0,0,30,30,30,,0.06
2026 YTD,Rotating Sandwich,Food,Soup & Sandwiches,13,105,0,0,18.2,12.83,1365,1346.8,,2.56
2026 YTD,rotating - tandem,Coffee,Coffee,20,16,0,0,20,18.75,320,300,,0.57
2026 YTD,Sandlands Red Table Wine,Wine,PM Wine,40,1,0,0,0,40,40,40,,0.08
2026 YTD,Sausage - Blueberry,Retail,Frozen,30,5,0,0,0,30,150,150,,0.29
2026 YTD,Sausage - Mild Pork,Retail,Frozen,24,4,0,0,0,24,96,96,,0.18
2026 YTD,SHARE Everything Crackers,Retail,Retail Food,12,5,0,0,0,12,60,60,,0.11
2026 YTD,SHARE Plainish Sourdough Crackers,Food,Retail Food,12,7,0,0,0,12,84,84,,0.16
2026 YTD,SHARE Zaatar Crackers,Food,Retail Food,12,2,0,0,0,12,24,24,,0.05
2026 YTD,Shell - Isatopia Card,Retail,Retail Merch,7,1,0,0,0,7,7,7,,0.01
2026 YTD,Shepherd's Pie,Food,Frozen,38,20,0,0,0,38,760,760,,1.45
2026 YTD,Shortrib,Food,Entrees,38,1,0,0,0,38,38,38,,0.07
2026 YTD,Sirloin Chucktown Acres,Food,Frozen,42,3,0,0,0,42,126,126,,0.24
2026 YTD,Sm Saratoga Water,Beverage,NA Beverage,4,36,0,0,0.4,3.99,144,143.6,,0.27
2026 YTD,Sm Sparkling - Saratoga,Beverage,NA Beverage,4,22,0,0,2,3.91,88,86,,0.16
2026 YTD,Soellner Gruner Toni Veltliner,Wine,PM Wine,24,1,0,0,0,24,24,24,,0.05
2026 YTD,Square matchbox,Retail,Retail Merch,15,10,0,0,1.5,14.85,150,148.5,,0.28
2026 YTD,Sugar Roses & Flowers,Food,Valentine,20,2,0,0,0,20,40,40,,0.08
2026 YTD,Sun Lamp,Retail,Coffee,20,1,0,0,0,20,20,20,,0.04
2026 YTD,Swedish Candy Canes,Retail,Christmas,5,2,0,0,4,3,10,6,,0.01
2026 YTD,Sweet potato chorizo,Food,Retail Food,14,21,0,0,1.4,13.93,294,292.6,,0.56
2026 YTD,Table Cards Hester & Cook,Retail,Retail Merch,16,4,0,0,0,16,64,64,,0.12
2026 YTD,Tahini Date & Cacao Nib Granola - Sweet Deliverance,Retail,Retail Food,18,6,0,0,0,16.67,100,100,,0.19
2026 YTD,Taper Candles - Greentree,Retail,Retail Merch,16,3,0,0,1.6,15.47,48,46.4,,0.09
2026 YTD,Tea,Coffee,Coffee,4,26,0,0,0.8,3.97,104,103.2,,0.2
2026 YTD,Tea Tin Fete de Versailles,Beverage,Valentine,22,3,0,0,0,22,66,66,,0.13
2026 YTD,Tea Tin Marie Antoinette,Retail,Valentine,32,3,0,0,0,32,96,96,,0.18
2026 YTD,Thank you card,Retail,Retail Merch,6,3,0,0,0,6,18,18,,0.03
2026 YTD,The Cook's Atelier,Retail,Retail Merch,55,1,0,0,0,55,55,55,,0.1
2026 YTD,The Dinner Party Project by Natasha Feldman cookbook,Retail,Retail Merch,40,1,0,0,0,40,40,40,,0.08
2026 YTD,The Lost Kitchen,Retail,Retail Merch,35,1,0,0,0,35,35,35,,0.07
2026 YTD,Tiberio Cerasuolo,Wine,PM Wine,40,1,0,0,0,40,40,40,,0.08
2026 YTD,TLO Matcha Lemonade,Beverage,NA Beverage,7,9,0,0,0.7,6.92,63,62.3,,0.12
2026 YTD,TLO Pandan Coconut,Beverage,NA Beverage,7,13,0,0,0,7,91,91,,0.17
2026 YTD,TLO Vietnamese Lemonade,Beverage,NA Beverage,7,11,0,0,0.7,6.94,77,76.3,,0.15
2026 YTD,Tomato Soup small,Food,Soup & Sandwiches,12,33,0,0,0,12,396,396,,0.75
2026 YTD,TOYO Toolbox,Retail,Retail Merch,70,1,0,0,0,70,70,70,,0.13
2026 YTD,Trillium Fort Point IPA,Beer,PM Beer,20,3,0,0,0,20,60,60,,0.11
2026 YTD,Trillium Melcher Street IPA,Beer,PM Beer,22,6,0,0,0,21,126,126,,0.24
2026 YTD,Tumeric and Super Seed Granola,Retail,Retail Food,18,2,0,0,0,18,36,36,,0.07
2026 YTD,Turkey Sandwich,Food,Soup & Sandwiches,13,106,0,0,1.3,12.99,1378,1376.7,,2.62
2026 YTD,VANDY - Original,Retail,Retail Food,16,11,0,0,0,16,176,176,,0.33
2026 YTD,Vandy Smokehouse BBQ,Food,Retail Food,16,22,0,0,0,16,352,352,,0.67
2026 YTD,Ve Ve Vinho Verde,Wine,PM Wine,22,5,0,0,0,22,110,110,,0.21
2026 YTD,Via Alpina Pinot Grigio,Wine,PM Wine,25,5,0,0,0,25,125,125,,0.24
2026 YTD,Walter Scott Pinot Noir,Wine,Cave De PM,76,2,0,0,0,76,152,152,,0.29
2026 YTD,Whipped Honey,Retail,Retail Food,18,5,0,0,0,18,90,90,,0.17
2026 YTD,Whipped ricotta,Food,Dips,12,71,0,0,2.4,11.97,852,849.6,,1.62
2026 YTD,Wishie Fishies,Retail,Retail Merch,14,3,0,0,0,14,42,42,,0.08
2026 YTD,Zorro Pecan Bark,Food,Retail Food,18,1,0,0,0,18,18,18,,0.03
