Item,Revenue Class,Department,Default Price,Qty,Total Cost,% of Total,Discounts,Avg. Sale Price,Gross Sales,Net Sales,Net Sales w/o Mods,% of Total
Add Syrup,Coffee,Coffee,1,719,0,0,7.5,0.99,719,711.5,,1.35
All Roads Cotton Napkins (x2),Retail,Retail Merch,36,1,0,0,0,36,36,36,,0.07
Alpine Red California Red Wine,Wine,PM Wine,24,4,0,0,0,24,96,96,,0.18
Americano,Coffee,Coffee,4,102,0,0,5.6,3.95,408,402.4,,0.77
Animal Menagerie Stationary,Retail,Christmas,30,3,0,0,24,22,90,66,,0.13
Archivist card,Retail,Retail Merch,7,11,0,0,0,6.64,73,73,,0.14
Asparagus Chowder,Food,Retail Food,14,4,0,0,0,14,56,56,,0.11
Ayoh Dill Pickle Mayo Sando Sauce,Retail,Retail Food,12,1,0,0,0,12,12,12,,0.02
Ayoh Hot Giardinayo Sando Sauce,Retail,Retail Food,12,4,0,0,0,12,48,48,,0.09
Ayoh Tangy Dijonayo Sando Sauce,Retail,Retail Food,12,1,0,0,0,12,12,12,,0.02
Badenhorst Secateurs Chenin Blanc,Wine,PM Wine,28,2,0,0,0,28,56,56,,0.11
Baked Ziti W/ Meatballs,Food,Frozen,36,38,0,0,0,36,1368,1368,,2.6
Beef Broth,Retail,Frozen,20,1,0,0,0,20,20,20,,0.04
Beef Stroganoff,Food,Frozen,38,37,0,0,5.7,37.85,1406,1400.3,,2.66
Benton's Bacon,Food,Frozen,30,13,0,0,0,30,390,390,,0.74
Benton's Ham,Food,Frozen,18,3,0,0,0,18,54,54,,0.1
Birthday Truffle Bar Maeve,Retail,Retail Food,7.5,13,0,0,2.8,7.05,94.5,91.7,,0.17
Biscuits,Food,Frozen,16,5,0,0,0,16,80,80,,0.15
Bizzarro Strawberry Yuzu Spritz,Wine,PM Beer,16,2,0,0,0,16,32,32,,0.06
Blueberry and Sunflower Butter Granola,Retail,Retail Food,18,8,0,0,9.8,16.28,140,130.2,,0.25
Blueberry Maine Root Soda,Beverage,NA Beverage,3,5,0,0,0.3,2.94,15,14.7,,0.03
Bon bon Sour BLACKBERRY Fish Candy,Retail,Retail Food,8,21,0,0,0.8,7.96,168,167.2,,0.32
Bon Bon Sour PEACH Swedish Fish,Retail,Retail Food,8,6,0,0,0,8,48,48,,0.09
Bon bon SOUR Wild STRAWBERRY Fish Candy,Retail,Retail Food,8,25,0,0,1.6,7.94,200,198.4,,0.38
Bon Bon SWEET Wild STRAWBERRY Swedish Fish,Retail,Retail Food,8,34,0,0,0,8,272,272,,0.52
Bonjour - Isatopia Card,Retail,Retail Merch,7,1,0,0,0,7,7,7,,0.01
Borgo Savaian Aransat,Wine,PM Wine,28,2,0,0,0,28,56,56,,0.11
Breakfast Sandwich,Food,Soup & Sandwiches,10,94,0,0,6,9.94,940,934,,1.78
Buffalo Chicken Dip,Food,Dips,16,14,0,0,0,16,224,224,,0.43
Cake Slice Table Accents,Retail,Retail Merch,16,1,0,0,0,16,16,16,,0.03
Cantina Marilina Sikele,Wine,PM Wine,30,1,0,0,0,30,30,30,,0.06
Cappuccino,Coffee,Coffee,5.5,154,0,0,2.75,5.48,847,844.25,,1.61
Card Amy Zhang,Retail,Retail Merch,5,133,0,0,0,5,665,665,,1.27
Card Just Saying Hi,Retail,Retail Merch,6,1,0,0,0,6,6,6,,0.01
Carrot Surprise Tops,Retail,Retail Merch,15,6,0,0,0,15,90,90,,0.17
Cedre Heritage Malbec Cahors,Wine,PM Wine,30,2,0,0,0,30,60,60,,0.11
Chai Latte,Coffee,Coffee,6,38,0,0,1.8,5.95,228,226.2,,0.43
Charcoal Brioche,Food,Bread,15,6,0,0,0,15,90,90,,0.17
Cheerwine Soda,Beverage,NA Beverage,3,8,0,0,0,3,24,24,,0.05
Cherry Bomb Truffle Bar,Food,Retail Food,7.5,1,0,0,0,7.5,7.5,7.5,,0.01
Cherry Surprise Ball,Retail,Valentine,13,4,0,0,0,13,52,52,,0.1
Chicken Chili Small,Food,Soup & Sandwiches,14,23,0,0,0,14,322,322,,0.61
Chicken Curry,Food,Frozen,25,12,0,0,0,25,300,300,,0.57
Chick Surprise Ball,Retail,Retail Merch,15,6,0,0,0,15,90,90,,0.17
Chick Surprise Tops,Retail,Retail Merch,15,2,0,0,0,15,30,30,,0.06
Chocolate Chip Cookie,Food,Bakery,4,303,0,0,1.6,3.99,1212,1210.4,,2.3
Chucktown Acres - Bacon,Retail,Frozen,30,2,0,0,15,22.5,60,45,,0.09
Chucktown Acres - Bone-in Pork Chops,Retail,Frozen,30,1,0,0,0,30,30,30,,0.06
Chucktown Acres - Burger Patties,Retail,Retail Food,34,1,0,0,0,34,34,34,,0.06
Chucktown Acres - WINGS,Retail,Frozen,24,1,0,0,0,24,24,24,,0.05
Cinnamon Buns,Food,Frozen,18,4,0,0,0,18,72,72,,0.14
Cinnamon Rolls,Food,Frozen,25,6,0,0,15,22.5,150,135,,0.26
Cirelli Trebiano d'Abruzzo,Wine,PM Wine,38,1,0,0,22.8,15.2,38,15.2,,0.03
Cobb Chardonnay Sonoma,Wine,Cave De PM,66,1,0,0,0,66,66,66,,0.13
Coeurs Dark Choc Heart Bar,Retail,Valentine,13,5,0,0,0,13,65,65,,0.12
Coeurs Pink Heart Chocolate Bar,Retail,Valentine,13,5,0,0,0,13,65,65,,0.12
Cold Brew,Coffee,Coffee,6.5,98,0,0,18.85,6.31,637,618.15,,1.18
Comptoir Du Cacao,Retail,Retail Food,12,4,0,0,0,12,48,48,,0.09
Cookie Asst.,Food,Bakery,4,182,0,0,2,3.99,728,726,,1.38
Cookie Box Valentine,Food,Valentine,40,16,0,0,0,40,640,640,,1.22
Cookie Cake,Food,Valentine,15,27,0,0,0,15,405,405,,0.77
Cortado,Coffee,Coffee,4.5,66,0,0,4.5,4.43,297,292.5,,0.56
Dark Chocolate Pecan Bark - Zorro,Retail,Retail Food,16,1,0,0,0,16,16,16,,0.03
Date Better - ALMOND JAVA CRUNCH,Retail,Retail Food,8,4,0,0,0,8,32,32,,0.06
Date Better - HAZELNUT PRALINE,Retail,Retail Food,8,3,0,0,0,8,24,24,,0.05
Date Better - PEANUT BUTTER CRUNCH,Retail,Retail Food,8,7,0,0,0,8,56,56,,0.11
Date Better - ROYAL CINNAMON BAKLAVA,Retail,Retail Food,8,5,0,0,0,8,40,40,,0.08
Date Better - SNICKERDOODLE,Retail,Retail Food,8,6,0,0,0,8,48,48,,0.09
Deposit,Non-taxable,Buyouts,750,1,0,0,0,750,750,750,,1.43
Dilenquente-Weeping Juan,Wine,PM Wine,30,3,0,0,0,30,90,90,,0.17
Dirt Pile Truffle Bar,Food,Retail Food,7.5,2,0,0,0,7.5,15,15,,0.03
Disciples el Coco,Wine,Cave De PM,120,1,0,0,0,120,120,120,,0.23
Disciples Red Wine,Wine,Cave De PM,90,1,0,0,0,90,90,90,,0.17
Disciples Sauvignon Blanc,Wine,Cave De PM,80,1,0,0,0,80,80,80,,0.15
Dog Treats,Food,Bakery,5,16,0,0,0.5,4.97,80,79.5,,0.15
Dozen Eggs,Food,Retail Food,12,10,0,0,0,12,120,120,,0.23
Drink Ticket House of Gleason cocktail napkins,Retail,Retail Merch,52,2,0,0,0,52,104,104,,0.2
Dual Pricing,Non-Sales Revenue,Surcharges,0.04,1726,0,0,0,1.23,2126.75,2126.75,,4.05
EDISTO - BLUEBERRY HONEY,Retail,Retail Food,18,7,0,0,0,18,126,126,,0.24
EDISTO - HOT HONEY,Retail,Retail Food,18,3,0,0,0,18,54,54,,0.1
Eifel Tower Ornament,Retail,Christmas,20,1,0,0,8,12,20,12,,0.02
English muffin 4-pack,Food,Retail Food,12,1,0,0,0,12,12,12,,0.02
Espresso,Coffee,Coffee,3,35,0,0,0,3,105,105,,0.2
Extra Large Pommery Mustard,Retail,Retail Food,29,3,0,0,0,29,87,87,,0.17
Famille Gras Les Vieilles Vignes,Wine,PM Wine,30,3,0,0,0,30,90,90,,0.17
Fanny at Chez Panisse by Alice Waters cookbook,Retail,Retail Merch,22,2,0,0,0,22,44,44,,0.08
Fattoria di Sammontana Chianti,Wine,PM Wine,28,1,0,0,0,28,28,28,,0.05
Focaccia - Petit,Food,Bread,15,127,0,0,9,14.93,1905,1896,,3.61
Food Your Want to Eat cookbook,Retail,Retail Merch,35,1,0,0,17.5,17.5,35,17.5,,0.03
Forx Farm Butter,Food,Retail Food,22,1,0,0,0,22,22,22,,0.04
Fraise Chocolate Bar,Retail,Valentine,13,4,0,0,0,13,52,52,,0.1
Framboise Chocolate Bar,Retail,Valentine,13,6,0,0,0,13,78,78,,0.15
Francis Blanchet Pouilly Fume,Wine,PM Wine,32,2,0,0,0,32,64,64,,0.12
Francois Villard L'Appel des Sereines,Retail,PM Wine,28,5,0,0,0,28,140,140,,0.27
Frankie's Classic New York Deli Pickles,Retail,Retail Food,13,3,0,0,1.3,12.57,39,37.7,,0.07
French Toast Casserole,Food,Frozen,24,6,0,0,0,24,144,144,,0.27
Gail Wines Doris Cabernet Sauvignon,Wine,PM Wine,30,1,0,0,0,30,30,30,,0.06
Gap's Crown Marine Layer Chardonnay,Wine,Cave De PM,72,1,0,0,0,72,72,72,,0.14
Golf Cocktail Napkins - House of Gleason,Retail,Retail Merch,48,5,0,0,0,48,240,240,,0.46
Granola Pistachio Sour Cherry Sweet Deliverance,Retail,Retail Food,18,4,0,0,0,18,72,72,,0.14
Granola Strawberry and Salty Peanut Sweet Deliverance,Retail,Retail Food,18,10,0,0,0,18,180,180,,0.34
Grillo Gurrieri 2024,Wine,PM Wine,36,2,0,0,0,36,72,72,,0.14
Gummy Easter Sockerbit,Food,Retail Food,14,20,0,0,15.6,14.12,298,282.4,,0.54
Ham & Brie,Food,Soup & Sandwiches,13,111,0,0,5.2,12.95,1443,1437.8,,2.74
Happy Birthday CAKE - Isatopia Card,Retail,Retail Merch,7,1,0,0,0,7,7,7,,0.01
HBD Card,Retail,Retail Merch,6,2,0,0,3,4.5,12,9,,0.02
Heart Box Chocolates Maeve,Retail,Valentine,12,5,0,0,0,12,60,60,,0.11
Heart cocktail napkins,Retail,Valentine,58,1,0,0,0,58,58,58,,0.11
Heart Surprise Tops,Retail,Valentine,30,1,0,0,0,30,30,30,,0.06
Home in Bloom Lessons for Creating Floral Beauty in Every Room,Retail,Retail Merch,40,1,0,0,0,40,40,40,,0.08
Hopscotch Soda,Beverage,NA Beverage,3,3,0,0,0,3,9,9,,0.02
Hot Chocolate,Beverage,Coffee,5,6,0,0,0,5,30,30,,0.06
Hot Girl Pickles Bread and Butter Chips,Food,Retail Food,14,4,0,0,0,14,56,56,,0.11
Hot Girl Pickles Honey Harissa,Food,Retail Food,14,8,0,0,0,14,112,112,,0.21
Hot Girl Pickles Original Dill,Retail,Retail Food,14,12,0,0,0,14,168,168,,0.32
Humble Forager Luminous Horizon,Beer,PM Beer,20,1,0,0,0,20,20,20,,0.04
Jean Vesselle Champagne,Wine,Cave De PM,80,4,0,0,0,80,320,320,,0.61
JK Carriere Pinot Noir,Wine,PM Wine,40,2,0,0,0,40,80,80,,0.15
Jolie-Laide Glou D'etat Red Blend,Wine,PM Wine,34,3,0,0,0,34,102,102,,0.19
Kombucha Ginger Hibiscus,Beverage,NA Beverage,6.5,13,0,0,1.3,6.4,84.5,83.2,,0.16
Kombucha Pear,Beverage,NA Beverage,6.5,21,0,0,0.65,6.47,136.5,135.85,,0.26
Kombucha Yuzu,Beverage,NA Beverage,6.5,17,0,0,5.2,6.19,110.5,105.3,,0.2
Lady Joseph Crackers,Retail,Retail Food,11,5,0,0,0,11,55,55,,0.1
L'Alpage Chasselas,Wine,PM Wine,30,3,0,0,0,30,90,90,,0.17
Land Of Saints Chardonnay Santa Barbara,Wine,PM Wine,30,1,0,0,15,15,30,15,,0.03
Lange Sea Salt Pure Flake,Food,Retail Food,25,9,0,0,0,25,225,225,,0.43
Large Crow Canyon Plate,Retail,Retail Merch,20,4,0,0,0,20,80,80,,0.15
Latte,Coffee,Coffee,6,754,0,0,52.8,5.93,4524,4471.2,,8.51
Le Bon Garcon - Classic Sea Salt Caramels,Retail,Retail Food,28,6,0,0,0,28,168,168,,0.32
Le Bon Garcon - Honey Lavender Caramels,Retail,Retail Food,28,2,0,0,0,28,56,56,,0.11
Le Bon Garcon - Strawberry Sakura Caramels,Retail,Retail Food,28,6,0,0,14,25.67,168,154,,0.29
Les Athletes du Vin Chardonnay,Wine,PM Wine,26,2,0,0,0,26,52,52,,0.1
Lg Saratoga Water,Beverage,NA Beverage,8,2,0,0,0,8,16,16,,0.03
Long Matchbox,Retail,Retail Merch,23,3,0,0,0,23,69,69,,0.13
Lorenza Rosé,Wine,PM Wine,30,8,0,0,0,30,240,240,,0.46
Maeve Bon Bon Box,Retail,Valentine,24,4,0,0,0,24,96,96,,0.18
MALDON - Pink Salt,Food,Retail Food,11,1,0,0,0,11,11,11,,0.02
Mandarin Soda Maine Root,Beverage,NA Beverage,3,2,0,0,0,3,6,6,,0.01
Marchesi di Gresy Barbaresco Martinenga,Wine,Cave De PM,60,1,0,0,0,60,60,60,,0.11
Marine Layer Pinot Noir,Wine,PM Wine,76,2,0,0,0,76,152,152,,0.29
MASA Tortilla Chips COBANERO,Retail,Retail Food,16,33,0,0,8,15.76,528,520,,0.99
MASA - Tortilla Chips LIME,Retail,Retail Food,16,1,0,0,0,16,16,16,,0.03
MASA Tortilla Chips Traditional,Retail,Retail Food,16,34,0,0,0,16,544,544,,1.04
Matcha Latte,Coffee,Coffee,8,188,0,0,21.6,7.89,1504,1482.4,,2.82
Matcha Powder Holy City,Retail,Retail Food,28,3,0,0,0,28,84,84,,0.16
Meatloaf with Brussels,Food,Frozen,36,4,0,0,0,36,144,144,,0.27
Merci La Vie Cabernet Franc,Wine,PM Wine,38,3,0,0,0,38,114,114,,0.22
Merci t-shirt,Retail,PM Merchandise,38,7,0,0,0,45.14,316,316,,0.6
Mexican Cola Maine Root Soda,Beverage,NA Beverage,3,4,0,0,0.3,2.93,12,11.7,,0.02
Mini Sockerbit Flowers and bunnies,Food,Retail Food,5,13,0,0,0,5,65,65,,0.12
Mini Sockerbit Flowers and bunnies,Retail,Retail Food,5,1,0,0,5.6,8.4,14,8.4,,0.02
Mini Strawberry sockerbit,Retail,Retail Food,5,18,0,0,0,5,90,90,,0.17
Muffin,Food,Bakery,5,159,0,0,4.5,4.97,795,790.5,,1.5
MY DRAP - SMALL NAPKIN ROLL DARK GREY,Retail,Retail Merch,20,1,0,0,0,20,20,20,,0.04
Night Chocolates Maeve,Retail,Valentine,14,7,0,0,0,14,98,98,,0.19
Notelet Archivist card,Retail,Retail Merch,5,19,0,0,0,5,95,95,,0.18
One Trick Pony Crunchy Peanut Butter,Retail,Retail Food,11,3,0,0,0,11,33,33,,0.06
Open Beer,Beer,Open Items,0,4,0,0,0,22,88,88,,0.17
Open Beverage,Beverage,Open Items,0,7,0,0,0.5,4.07,29,28.5,,0.05
Open buyout,Non-taxable,Open Items,0,1,0,0,0,750,750,750,,1.43
Open Food,Food,Open Items,0,72,0,0,2.1,8,578,575.9,,1.1
Open Retail,Retail,Open Items,0,63,0,0,79.6,22.42,1492.02,1412.42,,2.69
Open Wine,Wine,Open Items,0,5,0,0,0,29.6,148,148,,0.28
Passerine Brut Blanca,Wine,PM Wine,30,7,0,0,0,30,210,210,,0.4
Pasta Salad,Food,Retail Food,10,7,0,0,1,9.86,70,69,,0.13
Peanut Butter Banana Bar Maeve,Retail,Valentine,7.5,12,0,0,0,7.5,90,90,,0.17
Pecans Milk Chocolate Covered Zorro,Retail,Retail Food,19,8,0,0,0,19,152,152,,0.29
Pecans Roasted and Salted Zorro,Retail,Retail Food,19,12,0,0,0,19,228,228,,0.43
Pecans Toffee Zorro,Retail,Retail Food,19,6,0,0,0,19,114,114,,0.22
Peches Soda,Beverage,NA Beverage,3,16,0,0,0.3,2.98,48,47.7,,0.09
Petit Ours Rosé,Wine,PM Wine,32,2,0,0,0,32,64,64,,0.12
Placecards Hester & Cook,Retail,Retail Merch,12,1,0,0,0,12,12,12,,0.02
Pm Bumper Sticker,Retail,PM Merchandise,5,5,0,0,0,5,25,25,,0.05
PM Sweatshirt,Retail,PM Merchandise,58,3,0,0,35.5,59.17,213,177.5,,0.34
Pm tumbler,Retail,PM Merchandise,40,12,0,0,0,40,480,480,,0.91
Poggio Anima Montepulciano D'Abruzzo,Wine,PM Wine,22,2,0,0,0,22,44,44,,0.08
POMMERY MUSTARD,Retail,Retail Food,25,1,0,0,0,25,25,25,,0.05
Potter's Flat Breads,Retail,Retail Food,15,5,0,0,0,15,75,75,,0.14
Pra Morandina Valpolicella,Wine,PM Wine,33,5,0,0,0,33,165,165,,0.31
Pra Otto,Wine,PM Wine,22,2,0,0,0,22,44,44,,0.08
Ranger Station Candle,Retail,Retail Merch,40,27,0,0,0,40,1080,1080,,2.06
Resin Napkin Rings,Retail,Retail Merch,7,18,0,0,0,7,126,126,,0.24
Roast Beef Sandwich,Food,Soup & Sandwiches,13,20,0,0,1.3,12.94,260,258.7,,0.49
Roast Chicken Sandwich,Food,Soup & Sandwiches,13,115,0,0,19.5,12.83,1495,1475.5,,2.81
Roasted Chicken for two,Food,Frozen,28,15,0,0,0,27,405,405,,0.77
Root 42 Soda,Beverage,NA Beverage,3,5,0,0,0,3,15,15,,0.03
Root Beer Maine Root Soda,Beverage,NA Beverage,3,3,0,0,0,3,9,9,,0.02
Rosso Puglia,Wine,PM Wine,30,1,0,0,0,30,30,30,,0.06
Rotating Sandwich,Food,Soup & Sandwiches,13,105,0,0,18.2,12.83,1365,1346.8,,2.56
rotating - tandem,Coffee,Coffee,20,16,0,0,20,18.75,320,300,,0.57
Sandlands Red Table Wine,Wine,PM Wine,40,1,0,0,0,40,40,40,,0.08
Sausage - Blueberry,Retail,Frozen,30,5,0,0,0,30,150,150,,0.29
Sausage - Mild Pork,Retail,Frozen,24,4,0,0,0,24,96,96,,0.18
SHARE Everything Crackers,Retail,Retail Food,12,5,0,0,0,12,60,60,,0.11
SHARE Plainish Sourdough Crackers,Food,Retail Food,12,7,0,0,0,12,84,84,,0.16
SHARE Zaatar Crackers,Food,Retail Food,12,2,0,0,0,12,24,24,,0.05
Shell - Isatopia Card,Retail,Retail Merch,7,1,0,0,0,7,7,7,,0.01
Shepherd's Pie,Food,Frozen,38,20,0,0,0,38,760,760,,1.45
Shortrib,Food,Entrees,38,1,0,0,0,38,38,38,,0.07
Sirloin Chucktown Acres,Food,Frozen,42,3,0,0,0,42,126,126,,0.24
Sm Saratoga Water,Beverage,NA Beverage,4,36,0,0,0.4,3.99,144,143.6,,0.27
Sm Sparkling - Saratoga,Beverage,NA Beverage,4,22,0,0,2,3.91,88,86,,0.16
Soellner Gruner Toni Veltliner,Wine,PM Wine,24,1,0,0,0,24,24,24,,0.05
Square matchbox,Retail,Retail Merch,15,10,0,0,1.5,14.85,150,148.5,,0.28
Sugar Roses & Flowers,Food,Valentine,20,2,0,0,0,20,40,40,,0.08
Sun Lamp,Retail,Coffee,20,1,0,0,0,20,20,20,,0.04
Swedish Candy Canes,Retail,Christmas,5,2,0,0,4,3,10,6,,0.01
Sweet potato chorizo,Food,Retail Food,14,21,0,0,1.4,13.93,294,292.6,,0.56
Table Cards Hester & Cook,Retail,Retail Merch,16,4,0,0,0,16,64,64,,0.12
Tahini Date & Cacao Nib Granola - Sweet Deliverance,Retail,Retail Food,18,6,0,0,0,16.67,100,100,,0.19
Taper Candles - Greentree,Retail,Retail Merch,16,3,0,0,1.6,15.47,48,46.4,,0.09
Tea,Coffee,Coffee,4,26,0,0,0.8,3.97,104,103.2,,0.2
Tea Tin Fete de Versailles,Beverage,Valentine,22,3,0,0,0,22,66,66,,0.13
Tea Tin Marie Antoinette,Retail,Valentine,32,3,0,0,0,32,96,96,,0.18
Thank you card,Retail,Retail Merch,6,3,0,0,0,6,18,18,,0.03
The Cook's Atelier,Retail,Retail Merch,55,1,0,0,0,55,55,55,,0.1
The Dinner Party Project by Natasha Feldman cookbook,Retail,Retail Merch,40,1,0,0,0,40,40,40,,0.08
The Lost Kitchen,Retail,Retail Merch,35,1,0,0,0,35,35,35,,0.07
Tiberio Cerasuolo,Wine,PM Wine,40,1,0,0,0,40,40,40,,0.08
TLO Matcha Lemonade,Beverage,NA Beverage,7,9,0,0,0.7,6.92,63,62.3,,0.12
TLO Pandan Coconut,Beverage,NA Beverage,7,13,0,0,0,7,91,91,,0.17
TLO Vietnamese Lemonade,Beverage,NA Beverage,7,11,0,0,0.7,6.94,77,76.3,,0.15
Tomato Soup small,Food,Soup & Sandwiches,12,33,0,0,0,12,396,396,,0.75
TOYO Toolbox,Retail,Retail Merch,70,1,0,0,0,70,70,70,,0.13
Trillium Fort Point IPA,Beer,PM Beer,20,3,0,0,0,20,60,60,,0.11
Trillium Melcher Street IPA,Beer,PM Beer,22,6,0,0,0,21,126,126,,0.24
Tumeric and Super Seed Granola,Retail,Retail Food,18,2,0,0,0,18,36,36,,0.07
Turkey Sandwich,Food,Soup & Sandwiches,13,106,0,0,1.3,12.99,1378,1376.7,,2.62
VANDY - Original,Retail,Retail Food,16,11,0,0,0,16,176,176,,0.33
Vandy Smokehouse BBQ,Food,Retail Food,16,22,0,0,0,16,352,352,,0.67
Ve Ve Vinho Verde,Wine,PM Wine,22,5,0,0,0,22,110,110,,0.21
Via Alpina Pinot Grigio,Wine,PM Wine,25,5,0,0,0,25,125,125,,0.24
Walter Scott Pinot Noir,Wine,Cave De PM,76,2,0,0,0,76,152,152,,0.29
Whipped Honey,Retail,Retail Food,18,5,0,0,0,18,90,90,,0.17
Whipped ricotta,Food,Dips,12,71,0,0,2.4,11.97,852,849.6,,1.62
Wishie Fishies,Retail,Retail Merch,14,3,0,0,0,14,42,42,,0.08
Zorro Pecan Bark,Food,Retail Food,18,1,0,0,0,18,18,18,,0.03
Totals:,,,,6955,0,100,532.25,7.56,53082.27,52550.02,,100
